variant_normalized,county_fips
adams,42001
allegheny,42003
armstrong,42005
beaver,42007
bedford,42009
berks,42011
blair,42013
bradford,42015
bucks,42017
butler,42019
cambria,42021
cameron,42023
carbon,42025
centre,42027
chester,42029
clarion,42031
clearfield,42033
clinton,42035
columbia,42037
crawford,42039
cumberland,42041
dauphin,42043
delaware,42045
elk,42047
erie,42049
fayette,42051
forest,42053
franklin,42055
fulton,42057
greene,42059
huntingdon,42061
indiana,42063
jefferson,42065
juniata,42067
lackawanna,42069
lancaster,42071
lawrence,42073
lebanon,42075
lehigh,42077
luzerne,42079
lycoming,42081
mckean,42083
mercer,42085
mifflin,42087
monroe,42089
montgomery,42091
montour,42093
northampton,42095
northumberland,42097
perry,42099
philadelphia,42101
pike,42103
potter,42105
schuylkill,42107
snyder,42109
somerset,42111
sullivan,42113
susquehanna,42115
tioga,42117
union,42119
venango,42121
warren,42123
washington,42125
wayne,42127
westmoreland,42129
wyoming,42131
york,42133
