a_fips,b_fips,km
42001,42003,243.993
42001,42005,217.232
42001,42007,280.513
42001,42009,109.52
42001,42011,125.417
42001,42013,117.551
42001,42015,221.222
42001,42017,186.881
42001,42019,255.899
42001,42021,144.752
42001,42023,192.886
42001,42025,172.841
42001,42027,127.152
42001,42029,125.795
42001,42031,237.135
42001,42033,164.477
42001,42035,155.599
42001,42037,147.834
42001,42039,315.894
42001,42041,32.748
42001,42043,71.03
42001,42045,155.244
42001,42047,210.758
42001,42049,333.952
42001,42051,207.329
42001,42053,249.523
42001,42055,43.393
42001,42057,76.58
42001,42059,256.478
42001,42061,88.787
42001,42063,180.837
42001,42065,205.449
42001,42067,75.002
42001,42069,220.678
42001,42071,84.855
42001,42073,291.69
42001,42075,84.956
42001,42077,160.722
42001,42079,178.477
42001,42081,164.187
42001,42083,243.447
42001,42085,301.96
42001,42087,88.877
42001,42089,206.525
42001,42091,162.012
42001,42093,137.016
42001,42095,189.374
42001,42097,117.208
42001,42099,58.718
42001,42101,178.297
42001,42103,245.69
42001,42105,215.962
42001,42107,125.796
42001,42109,100.68
42001,42111,154.816
42001,42113,184.939
42001,42115,247.42
42001,42117,211.361
42001,42119,122.083
42001,42121,273.593
42001,42123,276.741
42001,42125,260.397
42001,42127,255.011
42001,42129,197.429
42001,42131,209.271
42001,42133,42.291
42003,42001,243.993
42003,42005,57.941
42003,42007,39.117
42003,42009,136.593
42003,42011,343.203
42003,42013,138.115
42003,42015,325.25
42003,42017,412.985
42003,42019,49.603
42003,42021,107.24
42003,42023,184.017
42003,42025,363.609
42003,42027,188.955
42003,42029,363.527
42003,42031,93.245
42003,42033,140.023
42003,42035,214.658
42003,42037,308.0
42003,42039,135.633
42003,42041,232.715
42003,42043,271.011
42003,42045,393.967
42003,42047,154.37
42003,42049,169.505
42003,42051,67.272
42003,42053,131.896
42003,42055,201.153
42003,42057,169.802
42003,42059,71.383
42003,42061,169.347
42003,42063,78.172
42003,42065,110.472
42003,42067,218.129
42003,42069,382.565
42003,42071,320.342
42003,42073,65.288
42003,42075,298.49
42003,42077,371.189
42003,42079,344.984
42003,42081,263.716
42003,42083,190.133
42003,42085,95.543
42003,42087,200.364
42003,42089,396.327
42003,42091,392.081
42003,42093,286.705
42003,42095,395.735
42003,42097,279.236
42003,42099,230.221
42003,42101,414.567
42003,42103,426.682
42003,42105,225.068
42003,42107,318.995
42003,42109,247.959
42003,42111,97.921
42003,42113,310.9
42003,42115,380.95
42003,42117,270.506
42003,42119,252.054
42003,42121,105.333
42003,42123,160.934
42003,42125,38.429
42003,42127,413.508
42003,42129,46.982
42003,42131,352.593
42003,42133,283.111
42005,42001,217.232
42005,42003,57.941
42005,42007,75.917
42005,42009,121.779
42005,42011,301.899
42005,42013,101.106
42005,42015,269.228
42005,42017,371.821
42005,42019,39.337
42005,42021,72.491
42005,42023,126.397
42005,42025,316.019
42005,42027,138.801
42005,42029,328.203
42005,42031,42.447
42005,42033,85.795
42005,42035,160.251
42005,42037,258.351
42005,42039,110.899
42005,42041,199.438
42005,42043,230.902
42005,42045,358.504
42005,42047,96.525
42005,42049,139.573
42005,42051,100.378
42005,42053,80.269
42005,42055,177.446
42005,42057,151.115
42005,42059,124.423
42005,42061,132.704
42005,42063,36.404
42005,42065,52.536
42005,42067,176.676
42005,42069,330.29
42005,42071,285.416
42005,42073,75.797
42005,42075,258.667
42005,42077,327.111
42005,42079,294.47
42005,42081,209.692
42005,42083,133.614
42005,42085,85.979
42005,42087,157.296
42005,42089,347.56
42005,42091,352.76
42005,42093,236.979
42005,42095,350.022
42005,42097,231.841
42005,42099,191.492
42005,42101,377.36
42005,42103,375.854
42005,42105,167.158
42005,42107,273.836
42005,42109,201.622
42005,42111,100.401
42005,42113,257.127
42005,42115,325.898
42005,42117,213.298
42005,42119,202.628
42005,42121,69.947
42005,42123,112.605
42005,42125,95.823
42005,42127,360.164
42005,42129,55.723
42005,42131,299.115
42005,42133,252.305
42007,42001,280.513
42007,42003,39.117
42007,42005,75.917
42007,42009,174.551
42007,42011,374.87
42007,42013,170.45
42007,42015,343.359
42007,42017,444.838
42007,42019,44.71
42007,42021,139.674
42007,42023,198.482
42007,42025,391.44
42007,42027,214.515
42007,42029,397.843
42007,42031,96.423
42007,42033,161.626
42007,42035,235.788
42007,42037,334.137
42007,42039,113.328
42007,42041,267.313
42007,42043,303.069
42007,42045,428.289
42007,42047,164.782
42007,42049,148.088
42007,42051,103.559
42007,42053,131.294
42007,42055,238.127
42007,42057,207.486
42007,42059,92.726
42007,42061,202.248
42007,42063,106.456
42007,42065,123.803
42007,42067,249.312
42007,42069,406.137
42007,42071,354.702
42007,42073,34.381
42007,42075,330.769
42007,42077,401.374
42007,42079,370.363
42007,42081,285.252
42007,42083,194.46
42007,42085,69.365
42007,42087,230.619
42007,42089,423.258
42007,42091,424.794
42007,42093,312.76
42007,42095,424.919
42007,42097,307.103
42007,42099,262.727
42007,42101,448.237
42007,42103,451.769
42007,42105,236.8
42007,42107,348.434
42007,42109,276.483
42007,42111,136.986
42007,42113,332.699
42007,42115,400.747
42007,42117,285.788
42007,42119,278.324
42007,42121,94.048
42007,42123,154.703
42007,42125,55.468
42007,42127,435.775
42007,42129,85.298
42007,42131,374.734
42007,42133,318.707
42009,42001,109.52
42009,42003,136.593
42009,42005,121.779
42009,42007,174.551
42009,42011,222.481
42009,42013,54.147
42009,42015,258.52
42009,42017,289.846
42009,42019,156.945
42009,42021,57.555
42009,42023,160.877
42009,42025,256.221
42009,42027,116.266
42009,42029,233.597
42009,42031,153.514
42009,42033,110.501
42009,42035,154.308
42009,42037,210.923
42009,42039,230.891
42009,42041,105.658
42009,42043,152.245
42009,42045,263.643
42009,42047,158.341
42009,42049,255.999
42009,42051,99.073
42009,42053,178.93
42009,42055,66.127
42009,42057,33.414
42009,42059,148.691
42009,42061,62.858
42009,42063,87.849
42009,42065,131.938
42009,42067,109.192
42009,42069,290.239
42009,42071,191.013
42009,42073,190.557
42009,42075,177.279
42009,42077,254.82
42009,42079,248.077
42009,42081,191.239
42009,42083,200.419
42009,42085,207.333
42009,42087,99.957
42009,42089,290.814
42009,42091,266.585
42009,42093,192.045
42009,42095,282.108
42009,42097,177.663
42009,42099,113.027
42009,42101,285.849
42009,42103,326.643
42009,42105,199.669
42009,42107,207.802
42009,42109,147.234
42009,42111,46.003
42009,42113,231.13
42009,42115,302.992
42009,42117,222.151
42009,42119,160.944
42009,42121,188.325
42009,42123,211.577
42009,42125,150.884
42009,42127,324.386
42009,42129,89.612
42009,42131,267.726
42009,42133,150.662
42011,42001,125.417
42011,42003,343.203
42011,42005,301.899
42011,42007,374.87
42011,42009,222.481
42011,42013,205.108
42011,42015,160.392
42011,42017,69.978
42011,42019,340.778
42011,42021,236.026
42011,42023,222.468
42011,42025,58.73
42011,42027,169.248
42011,42029,51.543
42011,42031,306.551
42011,42033,224.396
42011,42035,170.346
42011,42037,81.062
42011,42039,377.816
42011,42041,117.049
42011,42043,72.254
42011,42045,71.344
42011,42047,254.796
42011,42049,385.649
42011,42051,320.971
42011,42053,303.484
42011,42055,161.949
42011,42057,193.667
42011,42059,370.569
42011,42061,173.996
42011,42063,268.477
42011,42065,270.632
42011,42067,125.562
42011,42069,116.528
42011,42071,49.75
42011,42073,377.061
42011,42075,45.36
42011,42077,35.677
42011,42079,84.744
42011,42081,140.665
42011,42083,270.106
42011,42085,377.331
42011,42087,144.61
42011,42089,86.787
42011,42091,52.607
42011,42093,91.848
42011,42095,64.319
42011,42097,81.947
42011,42099,113.193
42011,42101,81.155
42011,42103,126.459
42011,42105,221.527
42011,42107,40.472
42011,42109,104.312
42011,42111,268.101
42011,42113,124.658
42011,42115,156.591
42011,42117,187.395
42011,42119,113.476
42011,42121,340.107
42011,42123,320.659
42011,42125,367.359
42011,42127,146.609
42011,42129,300.199
42011,42131,122.788
42011,42133,87.582
42013,42001,117.551
42013,42003,138.115
42013,42005,101.106
42013,42007,170.45
42013,42009,54.147
42013,42011,205.108
42013,42015,211.443
42013,42017,274.946
42013,42019,140.358
42013,42021,30.931
42013,42023,106.957
42013,42025,227.755
42013,42027,66.004
42013,42029,227.813
42013,42031,119.995
42013,42033,58.673
42013,42035,102.855
42013,42037,175.4
42013,42039,199.061
42013,42041,98.34
42013,42043,132.97
42013,42045,258.217
42013,42047,107.978
42013,42049,219.287
42013,42051,126.732
42013,42053,136.816
42013,42055,81.407
42013,42057,64.953
42013,42059,173.866
42013,42061,31.887
42013,42063,65.279
42013,42065,90.437
42013,42067,80.154
42013,42069,253.363
42013,42071,184.81
42013,42073,176.707
42013,42075,160.55
42013,42077,233.337
42013,42079,213.043
42013,42081,144.366
42013,42083,148.674
42013,42085,184.638
42013,42087,63.419
42013,42089,261.368
42013,42091,254.432
42013,42093,154.785
42013,42095,258.433
42013,42097,144.26
42013,42099,92.35
42013,42101,277.833
42013,42103,294.165
42013,42105,145.547
42013,42107,181.756
42013,42109,112.557
42013,42111,80.827
42013,42113,187.855
42013,42115,260.21
42013,42117,170.322
42013,42119,120.907
42013,42121,156.466
42013,42123,167.314
42013,42125,164.248
42013,42127,286.376
42013,42129,96.567
42013,42131,227.158
42013,42133,151.24
42015,42001,221.222
42015,42003,325.25
42015,42005,269.228
42015,42007,343.359
42015,42009,258.52
42015,42011,160.392
42015,42013,211.443
42015,42017,200.029
42015,42019,299.907
42015,42021,233.617
42015,42023,145.727
42015,42025,117.897
42015,42027,145.637
42015,42029,211.933
42015,42031,250.934
42015,42033,185.464
42015,42035,111.999
42015,42037,82.822
42015,42039,298.17
42015,42041,191.349
42015,42043,154.31
42015,42045,228.34
42015,42047,181.937
42015,42049,292.029
42015,42051,335.468
42015,42053,228.111
42015,42055,230.49
42015,42057,246.94
42015,42059,378.911
42015,42061,195.864
42015,42063,249.531
42015,42065,219.65
42015,42067,158.342
42015,42069,84.899
42015,42071,195.485
42015,42073,330.699
42015,42075,158.131
42015,42077,151.863
42015,42079,80.921
42015,42081,67.353
42015,42083,170.254
42015,42085,316.082
42015,42087,160.217
42015,42089,127.322
42015,42091,200.167
42015,42093,85.437
42015,42095,153.03
42015,42097,105.431
42015,42099,166.786
42015,42101,229.554
42015,42103,133.314
42015,42105,114.593
42015,42107,122.976
42015,42109,122.404
42015,42111,292.269
42015,42113,38.084
42015,42115,59.346
42015,42117,61.298
42015,42119,102.53
42015,42121,273.073
42015,42123,228.687
42015,42125,360.212
42015,42127,101.799
42015,42129,297.047
42015,42131,51.192
42015,42133,208.553
42017,42001,186.881
42017,42003,412.985
42017,42005,371.821
42017,42007,444.838
42017,42009,289.846
42017,42011,69.978
42017,42013,274.946
42017,42015,200.029
42017,42019,410.64
42017,42021,305.875
42017,42023,287.645
42017,42025,82.24
42017,42027,237.97
42017,42029,67.944
42017,42031,375.573
42017,42033,293.453
42017,42035,235.317
42017,42037,135.089
42017,42039,445.415
42017,42041,184.249
42017,42043,141.981
42017,42045,52.93
42017,42047,321.439
42017,42049,451.531
42017,42051,388.803
42017,42053,370.734
42017,42055,226.916
42017,42057,259.647
42017,42059,438.451
42017,42061,243.671
42017,42063,338.454
42017,42065,339.583
42017,42067,195.536
42017,42069,129.381
42017,42071,102.316
42017,42073,446.879
42017,42075,114.549
42017,42077,51.277
42017,42079,119.39
42017,42081,199.124
42017,42083,333.129
42017,42085,446.489
42017,42087,214.555
42017,42089,82.563
42017,42091,26.176
42017,42093,151.764
42017,42095,49.419
42017,42097,146.953
42017,42099,182.794
42017,42101,36.682
42017,42103,110.819
42017,42105,281.46
42017,42107,102.388
42017,42109,172.754
42017,42111,335.759
42017,42113,170.813
42017,42115,175.029
42017,42117,240.62
42017,42119,179.095
42017,42121,408.586
42017,42123,386.0
42017,42125,436.525
42017,42127,146.761
42017,42129,369.613
42017,42131,152.011
42017,42133,145.304
42019,42001,255.899
42019,42003,49.603
42019,42005,39.337
42019,42007,44.71
42019,42009,156.945
42019,42011,340.778
42019,42013,140.358
42019,42015,299.907
42019,42017,410.64
42019,42021,111.241
42019,42023,154.523
42019,42025,353.26
42019,42027,175.893
42019,42029,367.532
42019,42031,51.737
42019,42033,121.229
42019,42035,194.062
42019,42037,294.871
42019,42039,87.454
42019,42041,238.698
42019,42043,270.03
42019,42045,397.825
42019,42047,120.247
42019,42049,120.59
42019,42051,112.552
42019,42053,87.632
42019,42055,215.443
42019,42057,187.79
42019,42059,120.523
42019,42061,172.016
42019,42063,75.282
42019,42065,80.352
42019,42067,215.771
42019,42069,364.906
42019,42071,324.753
42019,42073,36.472
42019,42075,297.785
42019,42077,365.415
42019,42079,330.384
42019,42081,243.401
42019,42083,150.034
42019,42085,52.115
42019,42087,196.25
42019,42089,384.221
42019,42091,391.837
42019,42093,273.558
42019,42095,387.839
42019,42097,269.429
42019,42099,230.773
42019,42101,416.6
42019,42103,411.337
42019,42105,192.241
42019,42107,311.979
42019,42109,239.682
42019,42111,128.526
42019,42113,290.766
42019,42115,357.76
42019,42117,241.71
42019,42119,239.538
42019,42121,55.912
42019,42123,113.67
42019,42125,85.169
42019,42127,393.784
42019,42129,76.728
42019,42131,332.832
42019,42133,291.473
42021,42001,144.752
42021,42003,107.24
42021,42005,72.491
42021,42007,139.674
42021,42009,57.555
42021,42011,236.026
42021,42013,30.931
42021,42015,233.617
42021,42017,305.875
42021,42019,111.241
42021,42023,113.122
42021,42025,257.604
42021,42027,88.868
42021,42029,258.287
42021,42031,97.737
42021,42033,59.655
42021,42035,122.203
42021,42037,203.907
42021,42039,176.422
42021,42041,128.157
42021,42043,163.9
42021,42045,288.719
42021,42047,103.573
42021,42049,199.734
42021,42051,101.852
42021,42053,121.392
42021,42055,105.291
42021,42057,81.344
42021,42059,146.705
42021,42061,62.585
42021,42063,36.088
42021,42065,74.384
42021,42067,110.904
42021,42069,280.889
42021,42071,215.197
42021,42073,147.287
42021,42075,191.478
42021,42077,264.034
42021,42079,241.415
42021,42081,167.653
42021,42083,146.466
42021,42085,157.778
42021,42087,93.506
42021,42089,290.912
42021,42091,285.33
42021,42093,182.949
42021,42095,288.88
42021,42097,173.625
42021,42099,123.262
42021,42101,308.563
42021,42103,322.892
42021,42105,154.935
42021,42107,212.146
42021,42109,142.016
42021,42111,63.967
42021,42113,212.95
42021,42115,284.981
42021,42117,187.363
42021,42119,148.559
42021,42121,133.566
42021,42123,154.041
42021,42125,134.409
42021,42127,313.306
42021,42129,66.962
42021,42131,253.314
42021,42133,180.485
42023,42001,192.886
42023,42003,184.017
42023,42005,126.397
42023,42007,198.482
42023,42009,160.877
42023,42011,222.468
42023,42013,106.957
42023,42015,145.727
42023,42017,287.645
42023,42019,154.523
42023,42021,113.122
42023,42025,216.614
42023,42027,65.913
42023,42029,263.266
42023,42031,105.23
42023,42033,53.578
42023,42035,52.341
42023,42037,156.459
42023,42039,160.679
42023,42041,162.08
42023,42043,164.981
42023,42045,290.676
42023,42047,37.131
42023,42049,163.916
42023,42051,207.978
42023,42053,86.413
42023,42055,172.698
42023,42057,168.235
42023,42059,244.92
42023,42061,114.961
42023,42063,114.505
42023,42065,74.817
42023,42067,121.085
42023,42069,216.288
42023,42071,226.267
42023,42073,184.993
42023,42075,188.881
42023,42077,237.458
42023,42079,187.221
42023,42081,95.628
42023,42083,51.221
42023,42085,172.036
42023,42087,104.223
42023,42089,243.126
42023,42091,274.854
42023,42093,136.982
42023,42095,254.267
42023,42097,141.028
42023,42099,139.932
42023,42101,303.571
42023,42103,264.711
42023,42105,42.776
42023,42107,185.372
42023,42109,120.491
42023,42111,177.043
42023,42113,141.012
42023,42115,204.259
42023,42117,87.322
42023,42119,109.057
42023,42121,129.662
42023,42123,98.381
42023,42125,220.974
42023,42127,242.531
42023,42129,164.144
42023,42131,182.449
42023,42133,209.685
42025,42001,172.841
42025,42003,363.609
42025,42005,316.019
42025,42007,391.44
42025,42009,256.221
42025,42011,58.73
42025,42013,227.755
42025,42015,117.897
42025,42017,82.24
42025,42019,353.26
42025,42021,257.604
42025,42023,216.614
42025,42027,177.382
42025,42029,105.156
42025,42031,312.729
42025,42033,232.397
42025,42035,165.47
42025,42037,60.21
42025,42039,377.058
42025,42041,156.016
42025,42043,106.201
42025,42045,114.404
42025,42047,252.446
42025,42049,379.585
42025,42051,351.365
42025,42053,302.327
42025,42055,202.875
42025,42057,231.508
42025,42059,400.163
42025,42061,199.598
42025,42063,286.0
42025,42065,277.014
42025,42067,149.079
42025,42069,58.244
42025,42071,107.521
42025,42073,388.507
42025,42075,87.998
42025,42077,35.358
42025,42079,37.152
42025,42081,122.969
42025,42083,258.36
42025,42085,383.433
42025,42087,164.336
42025,42089,34.681
42025,42091,83.788
42025,42093,80.654
42025,42095,38.367
42025,42097,84.428
42025,42099,143.232
42025,42101,112.321
42025,42103,72.897
42025,42105,204.413
42025,42107,48.791
42025,42109,115.69
42025,42111,299.937
42025,42113,89.253
42025,42115,100.726
42025,42117,160.178
42025,42119,113.795
42025,42121,343.176
42025,42123,313.743
42025,42125,391.918
42025,42127,87.977
42025,42129,324.269
42025,42131,71.533
42025,42133,140.49
42027,42001,127.152
42027,42003,188.955
42027,42005,138.801
42027,42007,214.515
42027,42009,116.266
42027,42011,169.248
42027,42013,66.004
42027,42015,145.637
42027,42017,237.97
42027,42019,175.893
42027,42021,88.868
42027,42023,65.913
42027,42025,177.382
42027,42029,204.417
42027,42031,137.638
42027,42033,55.682
42027,42035,38.197
42027,42037,119.637
42027,42039,209.101
42027,42041,96.168
42027,42043,104.122
42027,42045,233.281
42027,42047,89.335
42027,42049,219.665
42027,42051,190.438
42027,42053,135.61
42027,42055,110.596
42027,42057,113.248
42027,42059,235.454
42027,42061,57.502
42027,42063,110.792
42027,42065,101.632
42027,42067,55.659
42027,42069,193.773
42027,42071,164.892
42027,42073,211.322
42027,42075,130.299
42027,42077,190.685
42027,42079,156.187
42027,42081,78.958
42027,42083,116.923
42027,42085,208.61
42027,42087,38.334
42027,42089,208.765
42027,42091,221.659
42027,42093,98.261
42027,42095,212.147
42027,42097,93.669
42027,42099,74.577
42027,42101,248.793
42027,42103,237.837
42027,42105,92.03
42027,42107,137.038
42027,42109,65.218
42027,42111,146.761
42027,42113,124.16
42027,42115,196.114
42027,42117,105.968
42027,42119,63.828
42027,42121,170.86
42027,42123,156.963
42027,42125,220.588
42027,42127,225.377
42027,42129,154.562
42027,42131,164.918
42027,42133,144.625
42029,42001,125.795
42029,42003,363.527
42029,42005,328.203
42029,42007,397.843
42029,42009,233.597
42029,42011,51.543
42029,42013,227.813
42029,42015,211.933
42029,42017,67.944
42029,42019,367.532
42029,42021,258.287
42029,42023,263.266
42029,42025,105.156
42029,42027,204.417
42029,42031,338.434
42029,42033,257.235
42029,42035,212.361
42029,42037,131.835
42029,42039,413.039
42029,42041,130.814
42029,42043,100.413
42029,42045,30.452
42029,42047,292.981
42029,42049,423.901
42029,42051,332.382
42029,42053,340.021
42029,42055,168.228
42029,42057,201.594
42029,42059,381.788
42029,42061,195.929
42029,42063,292.99
42029,42065,303.175
42029,42067,153.468
42029,42069,163.169
42029,42071,43.186
42029,42073,404.0
42029,42075,74.501
42029,42077,72.364
42029,42079,135.405
42029,42081,188.509
42029,42083,312.738
42029,42085,408.102
42029,42087,173.615
42029,42089,125.509
42029,42091,41.874
42029,42093,140.274
42029,42095,94.558
42029,42097,127.137
42029,42099,137.028
42029,42101,52.503
42029,42103,162.698
42029,42105,267.221
42029,42107,90.614
42029,42109,142.776
42029,42111,279.479
42029,42113,175.999
42029,42115,205.582
42029,42117,236.733
42029,42119,156.423
42029,42121,373.441
42029,42123,360.145
42029,42125,383.52
42029,42127,190.022
42029,42129,318.24
42029,42131,173.323
42029,42133,83.538
42031,42001,237.135
42031,42003,93.245
42031,42005,42.447
42031,42007,96.423
42031,42009,153.514
42031,42011,306.551
42031,42013,119.995
42031,42015,250.934
42031,42017,375.573
42031,42019,51.737
42031,42021,97.737
42031,42023,105.23
42031,42025,312.729
42031,42027,137.638
42031,42029,338.434
42031,42033,82.158
42031,42035,149.217
42031,42037,253.129
42031,42039,79.138
42031,42041,214.745
42031,42043,238.534
42031,42045,368.163
42031,42047,69.496
42031,42049,102.507
42031,42051,142.752
42031,42053,38.867
42031,42055,201.003
42031,42057,179.06
42031,42059,163.528
42031,42061,148.75
42031,42063,66.302
42031,42065,36.013
42031,42067,184.974
42031,42069,319.495
42031,42071,296.79
42031,42073,79.766
42031,42075,265.836
42031,42077,328.155
42031,42079,287.183
42031,42081,197.689
42031,42083,98.575
42031,42085,71.002
42031,42087,164.82
42031,42089,342.164
42031,42091,358.712
42031,42093,232.156
42031,42095,348.723
42031,42097,230.61
42031,42099,202.0
42031,42101,385.114
42031,42103,366.999
42031,42105,141.153
42031,42107,274.522
42031,42109,202.847
42031,42111,139.644
42031,42113,244.553
42031,42115,309.459
42031,42117,191.665
42031,42119,199.339
42031,42121,36.478
42031,42123,70.26
42031,42125,131.527
42031,42127,347.04
42031,42129,98.087
42031,42131,286.454
42031,42133,268.032
42033,42001,164.477
42033,42003,140.023
42033,42005,85.795
42033,42007,161.626
42033,42009,110.501
42033,42011,224.396
42033,42013,58.673
42033,42015,185.464
42033,42017,293.453
42033,42019,121.229
42033,42021,59.655
42033,42023,53.578
42033,42025,232.397
42033,42027,55.682
42033,42029,257.235
42033,42031,82.158
42033,42035,74.743
42033,42037,173.674
42033,42039,156.075
42033,42041,138.08
42033,42043,156.97
42033,42045,286.697
42033,42047,49.485
42033,42049,170.377
42033,42051,155.772
42033,42053,85.489
42033,42055,135.224
42033,42057,123.352
42033,42059,195.294
42033,42061,77.046
42033,42063,64.511
42033,42065,46.263
42033,42067,104.236
42033,42069,244.513
42033,42071,216.249
42033,42073,156.126
42033,42075,184.033
42033,42077,246.367
42033,42079,209.204
42033,42081,124.061
42033,42083,90.163
42033,42085,153.037
42033,42087,84.143
42033,42089,263.03
42033,42091,276.596
42033,42093,152.388
42033,42095,267.635
42033,42097,149.202
42033,42099,122.105
42033,42101,303.187
42033,42103,290.345
42033,42105,95.865
42033,42107,192.72
42033,42109,120.787
42033,42111,123.498
42033,42113,171.45
42033,42115,240.95
42033,42117,133.171
42033,42119,118.603
42033,42121,116.282
42033,42123,112.479
42033,42125,174.783
42033,42127,274.431
42033,42129,113.472
42033,42131,213.388
42033,42133,190.517
42035,42001,155.599
42035,42003,214.658
42035,42005,160.251
42035,42007,235.788
42035,42009,154.308
42035,42011,170.346
42035,42013,102.855
42035,42015,111.999
42035,42017,235.317
42035,42019,194.062
42035,42021,122.203
42035,42023,52.341
42035,42025,165.47
42035,42027,38.197
42035,42029,212.361
42035,42031,149.217
42035,42033,74.743
42035,42037,105.283
42035,42039,211.706
42035,42041,123.073
42035,42043,116.217
42035,42045,239.174
42035,42047,87.046
42035,42049,216.218
42035,42051,223.917
42035,42053,136.903
42035,42055,145.468
42035,42057,150.943
42035,42059,266.914
42035,42061,95.366
42035,42063,137.902
42035,42065,114.542
42035,42067,80.62
42035,42069,170.882
42035,42071,176.974
42035,42073,227.518
42035,42075,138.417
42035,42077,185.241
42035,42079,138.083
42035,42081,49.464
42035,42083,100.386
42035,42085,219.066
42035,42087,69.365
42035,42089,193.446
42035,42091,222.632
42035,42093,85.176
42035,42095,202.721
42035,42097,88.721
42035,42099,98.127
42035,42101,251.494
42035,42103,217.869
42035,42105,60.717
42035,42107,133.031
42035,42109,70.235
42035,42111,182.918
42035,42113,96.911
42035,42115,166.311
42035,42117,67.842
42035,42119,56.87
42035,42121,178.023
42035,42123,150.721
42035,42125,248.758
42035,42127,199.987
42035,42129,185.053
42035,42131,138.949
42035,42133,165.164
42037,42001,147.834
42037,42003,308.0
42037,42005,258.351
42037,42007,334.137
42037,42009,210.923
42037,42011,81.062
42037,42013,175.4
42037,42015,82.822
42037,42017,135.089
42037,42019,294.871
42037,42021,203.907
42037,42023,156.459
42037,42025,60.21
42037,42027,119.637
42037,42029,131.835
42037,42031,253.129
42037,42033,173.674
42037,42035,105.283
42037,42039,316.849
42037,42041,122.289
42037,42043,77.145
42037,42045,151.905
42037,42047,192.236
42037,42049,319.718
42037,42051,301.528
42037,42053,242.118
42037,42055,167.127
42037,42057,190.928
42037,42059,349.243
42037,42061,150.241
42037,42063,229.901
42037,42065,217.596
42037,42067,101.793
42037,42069,79.319
42037,42071,112.665
42037,42073,329.708
42037,42075,75.876
42037,42077,83.817
42037,42079,37.661
42037,42081,64.167
42037,42083,199.178
42037,42085,323.649
42037,42087,113.034
42037,42089,89.356
42037,42091,127.863
42037,42093,21.377
42037,42095,97.869
42037,42097,33.631
42037,42099,102.201
42037,42101,157.904
42037,42103,118.996
42037,42105,146.469
42037,42107,41.274
42037,42109,63.898
42037,42111,251.991
42037,42113,45.124
42037,42115,99.63
42037,42117,107.189
42037,42119,55.964
42037,42121,283.128
42037,42123,253.881
42037,42125,338.101
42037,42127,113.615
42037,42129,270.865
42037,42131,61.53
42037,42133,128.391
42039,42001,315.894
42039,42003,135.633
42039,42005,110.899
42039,42007,113.328
42039,42009,230.891
42039,42011,377.816
42039,42013,199.061
42039,42015,298.17
42039,42017,445.415
42039,42019,87.454
42039,42021,176.422
42039,42023,160.679
42039,42025,377.058
42039,42027,209.101
42039,42029,413.039
42039,42031,79.138
42039,42033,156.075
42039,42035,211.706
42039,42037,316.849
42039,42041,292.498
42039,42043,312.64
42039,42045,442.235
42039,42047,124.66
42039,42049,34.761
42039,42051,199.998
42039,42053,74.849
42039,42055,280.14
42039,42057,257.735
42039,42059,203.828
42039,42061,227.244
42039,42063,143.049
42039,42065,111.156
42039,42067,260.311
42039,42069,375.151
42039,42071,372.311
42039,42073,79.452
42039,42075,339.3
42039,42077,396.27
42039,42079,347.826
42039,42081,256.108
42039,42083,128.269
42039,42085,44.379
42039,42087,240.21
42039,42089,403.773
42039,42091,430.387
42039,42093,296.876
42039,42095,414.427
42039,42097,298.618
42039,42099,278.081
42039,42101,457.848
42039,42103,424.144
42039,42105,183.603
42039,42107,343.174
42039,42109,273.517
42039,42111,210.907
42039,42113,300.177
42039,42115,357.46
42039,42117,236.874
42039,42119,266.545
42039,42121,42.861
42039,42123,70.533
42039,42125,166.717
42039,42127,398.94
42039,42129,161.936
42039,42131,340.544
42039,42133,345.589
42041,42001,32.748
42041,42003,232.715
42041,42005,199.438
42041,42007,267.313
42041,42009,105.658
42041,42011,117.049
42041,42013,98.34
42041,42015,191.349
42041,42017,184.249
42041,42019,238.698
42041,42021,128.157
42041,42023,162.08
42041,42025,156.016
42041,42027,96.168
42041,42029,130.814
42041,42031,214.745
42041,42033,138.08
42041,42035,123.073
42041,42037,122.289
42041,42039,292.498
42041,42043,49.833
42041,42045,161.252
42041,42047,182.298
42041,42049,308.445
42041,42051,204.554
42041,42053,223.568
42041,42055,46.864
42041,42057,76.839
42041,42059,254.202
42041,42061,66.889
42041,42063,163.546
42041,42065,181.364
42041,42067,42.467
42041,42069,198.67
42041,42071,87.632
42041,42073,275.031
42041,42075,72.196
42041,42077,150.264
42041,42079,155.823
42041,42081,132.272
42041,42083,213.03
42041,42085,282.08
42041,42087,57.911
42041,42089,190.578
42041,42091,161.361
42041,42093,108.905
42041,42095,178.184
42041,42097,89.806
42041,42099,26.102
42041,42101,182.164
42041,42103,228.506
42041,42105,183.588
42041,42107,107.339
42041,42109,69.402
42041,42111,151.518
42041,42113,156.068
42041,42115,221.561
42041,42117,178.847
42041,42119,90.52
42041,42121,250.91
42041,42123,249.208
42041,42125,253.395
42041,42127,233.327
42041,42129,187.541
42041,42131,183.663
42041,42133,53.327
42043,42001,71.03
42043,42003,271.011
42043,42005,230.902
42043,42007,303.069
42043,42009,152.245
42043,42011,72.254
42043,42013,132.97
42043,42015,154.31
42043,42017,141.981
42043,42019,270.03
42043,42021,163.9
42043,42023,164.981
42043,42025,106.201
42043,42027,104.122
42043,42029,100.413
42043,42031,238.534
42043,42033,156.97
42043,42035,116.217
42043,42037,77.145
42043,42039,312.64
42043,42041,49.833
42043,42045,129.727
42043,42047,193.086
42043,42049,323.764
42043,42051,249.832
42043,42053,239.671
42043,42055,96.697
42043,42057,125.721
42043,42059,299.302
42043,42061,101.747
42043,42063,196.846
42043,42065,203.049
42043,42067,54.271
42043,42069,150.205
42043,42071,61.302
42043,42073,306.447
42043,42075,27.768
42043,42077,102.732
42043,42079,107.689
42043,42081,105.951
42043,42083,215.516
42043,42085,308.671
42043,42087,74.091
42043,42089,140.796
42043,42091,121.888
42043,42093,68.874
42043,42095,129.866
42043,42097,48.896
42043,42099,40.956
42043,42101,146.88
42043,42103,178.684
42043,42105,174.949
42043,42107,57.506
42043,42109,46.454
42043,42111,197.283
42043,42113,116.81
42043,42115,176.542
42043,42117,156.033
42043,42119,65.413
42043,42121,273.243
42043,42123,260.527
42043,42125,295.207
42043,42127,184.732
42043,42129,227.969
42043,42131,138.383
42043,42133,55.268
42045,42001,155.244
42045,42003,393.967
42045,42005,358.504
42045,42007,428.289
42045,42009,263.643
42045,42011,71.344
42045,42013,258.217
42045,42015,228.34
42045,42017,52.93
42045,42019,397.825
42045,42021,288.719
42045,42023,290.676
42045,42025,114.404
42045,42027,233.281
42045,42029,30.452
42045,42031,368.163
42045,42033,286.697
42045,42035,239.174
42045,42037,151.905
42045,42039,442.235
42045,42041,161.252
42045,42043,129.727
42045,42047,321.3
42045,42049,452.347
42045,42051,362.274
42045,42053,368.846
42045,42055,198.034
42045,42057,231.419
42045,42059,411.593
42045,42061,226.33
42045,42063,323.365
42045,42065,332.76
42045,42067,183.303
42045,42069,169.926
42045,42071,73.634
42045,42073,434.296
42045,42075,102.983
42045,42077,79.108
42045,42079,148.733
42045,42081,211.922
42045,42083,339.479
42045,42085,438.038
42045,42087,203.407
42045,42089,127.006
42045,42091,32.817
42045,42093,163.138
42045,42095,93.44
42045,42097,152.072
42045,42099,167.177
42045,42101,24.747
42045,42103,160.357
42045,42105,292.277
42045,42107,111.802
42045,42109,170.461
42045,42111,309.453
42045,42113,194.246
42045,42115,214.466
42045,42117,258.667
42045,42119,182.614
42045,42121,402.969
42045,42123,388.152
42045,42125,413.78
42045,42127,192.714
42045,42129,348.632
42045,42131,185.548
42045,42133,113.177
42047,42001,210.758
42047,42003,154.37
42047,42005,96.525
42047,42007,164.782
42047,42009,158.341
42047,42011,254.796
42047,42013,107.978
42047,42015,181.937
42047,42017,321.439
42047,42019,120.247
42047,42021,103.573
42047,42023,37.131
42047,42025,252.446
42047,42027,89.335
42047,42029,292.981
42047,42031,69.496
42047,42033,49.485
42047,42035,87.046
42047,42037,192.236
42047,42039,124.66
42047,42041,182.298
42047,42043,193.086
42047,42045,321.3
42047,42049,131.066
42047,42051,187.345
42047,42053,49.882
42047,42055,184.011
42047,42057,172.8
42047,42059,219.453
42047,42061,125.4
42047,42063,93.537
42047,42065,44.154
42047,42067,144.321
42047,42069,253.414
42047,42071,254.113
42047,42073,149.048
42047,42075,218.534
42047,42077,271.876
42047,42079,223.884
42047,42081,132.52
42047,42083,43.05
42047,42085,134.95
42047,42087,125.293
42047,42089,279.681
42047,42091,307.389
42047,42093,172.217
42047,42095,289.767
42047,42097,174.487
42047,42099,163.107
42047,42101,335.52
42047,42103,301.788
42047,42105,72.018
42047,42107,219.063
42047,42109,151.026
42047,42111,164.685
42047,42113,178.14
42047,42115,240.806
42047,42117,122.221
42047,42119,142.348
42047,42121,92.534
42047,42123,67.637
42047,42125,192.343
42047,42127,279.554
42047,42129,141.702
42047,42131,219.566
42047,42133,233.031
42049,42001,333.952
42049,42003,169.505
42049,42005,139.573
42049,42007,148.088
42049,42009,255.999
42049,42011,385.649
42049,42013,219.287
42049,42015,292.029
42049,42017,451.531
42049,42019,120.59
42049,42021,199.734
42049,42023,163.916
42049,42025,379.585
42049,42027,219.665
42049,42029,423.901
42049,42031,102.507
42049,42033,170.377
42049,42035,216.218
42049,42037,319.718
42049,42039,34.761
42049,42041,308.445
42049,42043,323.764
42049,42045,452.347
42049,42047,131.066
42049,42051,232.717
42049,42053,84.928
42049,42055,300.67
42049,42057,280.766
42049,42059,238.35
42049,42061,245.285
42049,42063,168.687
42049,42065,128.977
42049,42067,273.371
42049,42069,372.308
42049,42071,384.495
42049,42073,114.156
42049,42075,349.515
42049,42077,401.361
42049,42079,348.294
42049,42081,256.917
42049,42083,122.883
42049,42085,79.016
42049,42087,253.631
42049,42089,404.231
42049,42091,438.201
42049,42093,300.726
42049,42095,417.571
42049,42097,304.74
42049,42099,291.775
42049,42101,466.504
42049,42103,421.658
42049,42105,179.09
42049,42107,349.2
42049,42109,282.083
42049,42111,239.936
42049,42113,298.436
42049,42115,350.715
42049,42117,231.325
42049,42119,272.645
42049,42121,69.64
42049,42123,65.844
42049,42125,201.324
42049,42127,393.738
42049,42129,192.916
42049,42131,337.276
42049,42133,360.816
42051,42001,207.329
42051,42003,67.272
42051,42005,100.378
42051,42007,103.559
42051,42009,99.073
42051,42011,320.971
42051,42013,126.732
42051,42015,335.468
42051,42017,388.803
42051,42019,112.552
42051,42021,101.852
42051,42023,207.978
42051,42025,351.365
42051,42027,190.438
42051,42029,332.382
42051,42031,142.752
42051,42033,155.772
42051,42035,223.917
42051,42037,301.528
42051,42039,199.998
42051,42041,204.554
42051,42043,249.832
42051,42045,362.274
42051,42047,187.345
42051,42049,232.717
42051,42053,180.492
42051,42055,164.247
42051,42057,130.864
42051,42059,49.648
42051,42061,151.957
42051,42063,94.201
42051,42065,145.053
42051,42067,202.319
42051,42069,379.948
42051,42071,289.981
42051,42073,132.54
42051,42075,275.642
42051,42077,352.555
42051,42079,339.182
42051,42081,269.366
42051,42083,228.639
42051,42085,162.082
42051,42087,188.564
42051,42089,385.602
42051,42091,365.652
42051,42093,281.21
42051,42095,379.298
42051,42097,269.532
42051,42099,209.524
42051,42101,384.736
42051,42103,419.751
42051,42105,250.752
42051,42107,303.739
42051,42109,237.969
42051,42111,53.075
42051,42113,314.117
42051,42115,386.356
42051,42117,287.958
42051,42119,247.588
42051,42121,164.922
42051,42123,212.977
42051,42125,59.247
42051,42127,413.091
42051,42129,46.093
42051,42131,353.828
42051,42133,249.113
42053,42001,249.523
42053,42003,131.896
42053,42005,80.269
42053,42007,131.294
42053,42009,178.93
42053,42011,303.484
42053,42013,136.816
42053,42015,228.111
42053,42017,370.734
42053,42019,87.632
42053,42021,121.392
42053,42023,86.413
42053,42025,302.327
42053,42027,135.61
42053,42029,340.021
42053,42031,38.867
42053,42033,85.489
42053,42035,136.903
42053,42037,242.118
42053,42039,74.849
42053,42041,223.568
42053,42043,239.671
42053,42045,368.846
42053,42047,49.882
42053,42049,84.928
42053,42051,180.492
42053,42055,217.68
42053,42057,200.325
42053,42059,202.385
42053,42061,161.136
42053,42063,96.567
42053,42065,47.152
42053,42067,188.615
42053,42069,302.261
42053,42071,300.078
42053,42073,108.644
42053,42075,265.869
42053,42077,321.453
42053,42079,273.592
42053,42081,182.042
42053,42083,64.369
42053,42085,88.372
42053,42087,168.791
42053,42089,329.45
42053,42091,356.087
42053,42093,222.057
42053,42095,339.614
42053,42097,223.859
42053,42099,206.931
42053,42101,383.846
42053,42103,350.922
42053,42105,114.333
42053,42107,268.432
42053,42109,199.295
42053,42111,172.208
42053,42113,227.028
42053,42115,287.39
42053,42117,167.176
42053,42119,191.76
42053,42121,45.26
42053,42123,33.669
42053,42125,170.029
42053,42127,327.428
42053,42129,135.075
42053,42131,268.046
42053,42133,275.888
42055,42001,43.393
42055,42003,201.153
42055,42005,177.446
42055,42007,238.127
42055,42009,66.127
42055,42011,161.949
42055,42013,81.407
42055,42015,230.49
42055,42017,226.916
42055,42019,215.443
42055,42021,105.291
42055,42023,172.698
42055,42025,202.875
42055,42027,110.596
42055,42029,168.228
42055,42031,201.003
42055,42033,135.224
42055,42035,145.468
42055,42037,167.127
42055,42039,280.14
42055,42041,46.864
42055,42043,96.697
42055,42045,198.034
42055,42047,184.011
42055,42049,300.67
42055,42051,164.247
42055,42053,217.68
42055,42057,33.385
42055,42059,213.574
42055,42061,58.718
42055,42063,141.15
42055,42065,171.741
42055,42067,72.389
42055,42069,244.707
42055,42071,126.211
42055,42073,250.751
42055,42075,118.027
42055,42077,196.058
42055,42079,201.799
42055,42081,166.95
42055,42083,220.907
42055,42085,263.052
42055,42087,76.464
42055,42089,237.421
42055,42091,202.798
42055,42093,151.848
42055,42095,224.271
42055,42097,133.842
42055,42099,65.307
42055,42101,220.664
42055,42103,275.359
42055,42105,202.625
42055,42107,154.201
42055,42109,108.739
42055,42111,111.545
42055,42113,197.281
42055,42115,265.388
42055,42117,208.867
42055,42119,127.96
42055,42121,237.396
42055,42123,247.142
42055,42125,217.005
42055,42127,279.381
42055,42129,154.413
42055,42131,227.909
42055,42133,84.866
42057,42001,76.58
42057,42003,169.802
42057,42005,151.115
42057,42007,207.486
42057,42009,33.414
42057,42011,193.667
42057,42013,64.953
42057,42015,246.94
42057,42017,259.647
42057,42019,187.79
42057,42021,81.344
42057,42023,168.235
42057,42025,231.508
42057,42027,113.248
42057,42029,201.594
42057,42031,179.06
42057,42033,123.352
42057,42035,150.943
42057,42037,190.928
42057,42039,257.735
42057,42041,76.839
42057,42043,125.721
42057,42045,231.419
42057,42047,172.8
42057,42049,280.766
42057,42051,130.864
42057,42053,200.325
42057,42055,33.385
42057,42059,180.197
42057,42061,55.764
42057,42063,115.608
42057,42065,153.302
42057,42067,90.405
42057,42069,269.821
42057,42071,159.45
42057,42073,222.221
42057,42075,149.024
42057,42077,227.103
42057,42079,227.066
42057,42081,180.823
42057,42083,212.801
42057,42085,237.09
42057,42087,87.004
42057,42089,266.186
42057,42091,235.794
42057,42093,173.672
42057,42095,254.978
42057,42097,157.297
42057,42099,89.382
42057,42101,254.012
42057,42103,303.26
42057,42105,203.138
42057,42107,182.729
42057,42109,128.95
42057,42111,78.236
42057,42113,216.367
42057,42115,286.769
42057,42117,217.688
42057,42119,145.662
42057,42121,214.889
42057,42123,231.653
42057,42125,184.082
42057,42127,304.37
42057,42129,122.843
42057,42131,250.176
42057,42133,118.25
42059,42001,256.478
42059,42003,71.383
42059,42005,124.423
42059,42007,92.726
42059,42009,148.691
42059,42011,370.569
42059,42013,173.866
42059,42015,378.911
42059,42017,438.451
42059,42019,120.523
42059,42021,146.705
42059,42023,244.92
42059,42025,400.163
42059,42027,235.454
42059,42029,381.788
42059,42031,163.528
42059,42033,195.294
42059,42035,266.914
42059,42037,349.243
42059,42039,203.828
42059,42041,254.202
42059,42043,299.302
42059,42045,411.593
42059,42047,219.453
42059,42049,238.35
42059,42051,49.648
42059,42053,202.385
42059,42055,213.574
42059,42057,180.197
42059,42061,200.569
42059,42063,130.962
42059,42065,175.428
42059,42067,251.094
42059,42069,427.119
42059,42071,339.495
42059,42073,126.816
42059,42075,325.229
42059,42077,401.996
42059,42079,386.895
42059,42081,313.9
42059,42083,257.98
42059,42085,161.066
42059,42087,236.621
42059,42089,434.255
42059,42091,415.277
42059,42093,328.646
42059,42095,428.599
42059,42097,317.708
42059,42099,258.862
42059,42101,434.186
42059,42103,467.861
42059,42105,287.338
42059,42107,352.804
42059,42109,286.044
42059,42111,102.71
42059,42113,359.606
42059,42115,431.502
42059,42117,328.464
42059,42119,294.625
42059,42121,176.432
42059,42123,232.16
42059,42125,37.362
42059,42127,459.845
42059,42129,81.985
42059,42131,400.005
42059,42133,298.416
42061,42001,88.787
42061,42003,169.347
42061,42005,132.704
42061,42007,202.248
42061,42009,62.858
42061,42011,173.996
42061,42013,31.887
42061,42015,195.864
42061,42017,243.671
42061,42019,172.016
42061,42021,62.585
42061,42023,114.961
42061,42025,199.598
42061,42027,57.502
42061,42029,195.929
42061,42031,148.75
42061,42033,77.046
42061,42035,95.366
42061,42037,150.241
42061,42039,227.244
42061,42041,66.889
42061,42043,101.747
42061,42045,226.33
42061,42047,125.4
42061,42049,245.285
42061,42051,151.957
42061,42053,161.136
42061,42055,58.718
42061,42057,55.764
42061,42059,200.569
42061,42063,97.106
42061,42065,116.663
42061,42067,50.569
42061,42069,229.289
42061,42071,152.941
42061,42073,208.419
42061,42075,129.148
42061,42077,203.125
42061,42079,187.79
42061,42081,128.708
42061,42083,162.334
42061,42085,215.277
42061,42087,37.552
42061,42089,233.709
42061,42091,222.821
42061,42093,130.556
42061,42095,228.861
42061,42097,117.731
42061,42099,60.88
42061,42101,245.995
42061,42103,267.888
42061,42105,147.858
42061,42107,152.527
42061,42109,86.376
42061,42111,101.751
42061,42113,168.336
42061,42115,240.334
42061,42117,162.576
42061,42119,98.458
42061,42121,185.133
42061,42123,189.45
42061,42125,193.882
42061,42127,263.067
42061,42129,126.399
42061,42131,205.479
42061,42133,120.09
42063,42001,180.837
42063,42003,78.172
42063,42005,36.404
42063,42007,106.456
42063,42009,87.849
42063,42011,268.477
42063,42013,65.279
42063,42015,249.531
42063,42017,338.454
42063,42019,75.282
42063,42021,36.088
42063,42023,114.505
42063,42025,286.0
42063,42027,110.792
42063,42029,292.99
42063,42031,66.302
42063,42033,64.511
42063,42035,137.902
42063,42037,229.901
42063,42039,143.049
42063,42041,163.546
42063,42043,196.846
42063,42045,323.365
42063,42047,93.537
42063,42049,168.687
42063,42051,94.201
42063,42053,96.567
42063,42055,141.15
42063,42057,115.608
42063,42059,130.962
42063,42061,97.106
42063,42065,53.469
42063,42067,142.919
42063,42069,304.476
42063,42071,250.042
42063,42073,111.505
42063,42075,224.59
42063,42077,294.994
42063,42079,266.824
42063,42081,186.419
42063,42083,135.649
42063,42085,121.959
42063,42087,124.166
42063,42089,318.437
42063,42091,318.694
42063,42093,208.585
42063,42095,318.832
42063,42097,201.572
42063,42099,156.818
42063,42101,342.685
42063,42103,348.518
42063,42105,157.206
42063,42107,242.215
42063,42109,170.559
42063,42111,75.721
42063,42113,233.338
42063,42115,304.048
42063,42117,197.582
42063,42119,173.941
42063,42121,100.495
42063,42123,130.22
42063,42125,110.871
42063,42127,335.65
42063,42129,49.64
42063,42131,274.839
42063,42133,216.21
42065,42001,205.449
42065,42003,110.472
42065,42005,52.536
42065,42007,123.803
42065,42009,131.938
42065,42011,270.632
42065,42013,90.437
42065,42015,219.65
42065,42017,339.583
42065,42019,80.352
42065,42021,74.384
42065,42023,74.817
42065,42025,277.014
42065,42027,101.632
42065,42029,303.175
42065,42031,36.013
42065,42033,46.263
42065,42035,114.542
42065,42037,217.596
42065,42039,111.156
42065,42041,181.364
42065,42043,203.049
42065,42045,332.76
42065,42047,44.154
42065,42049,128.977
42065,42051,145.053
42065,42053,47.152
42065,42055,171.741
42065,42057,153.302
42065,42059,175.428
42065,42061,116.663
42065,42063,53.469
42065,42067,149.848
42065,42069,285.342
42065,42071,261.853
42065,42073,112.984
42065,42075,230.218
42065,42077,292.151
42065,42079,252.083
42065,42081,163.581
42065,42083,83.652
42065,42085,107.01
42065,42087,129.684
42065,42089,306.781
42065,42091,322.856
42065,42093,196.527
42065,42095,312.841
42065,42097,194.647
42065,42099,167.264
42065,42101,349.422
42065,42103,332.376
42065,42105,114.747
42065,42107,238.515
42065,42109,166.845
42065,42111,128.529
42065,42113,210.804
42065,42115,277.408
42065,42117,162.126
42065,42119,163.476
42065,42121,70.295
42065,42123,79.69
42065,42125,148.281
42065,42127,313.702
42065,42129,99.027
42065,42131,252.842
42065,42133,234.433
42067,42001,75.002
42067,42003,218.129
42067,42005,176.676
42067,42007,249.312
42067,42009,109.192
42067,42011,125.562
42067,42013,80.154
42067,42015,158.342
42067,42017,195.536
42067,42019,215.771
42067,42021,110.904
42067,42023,121.085
42067,42025,149.079
42067,42027,55.659
42067,42029,153.468
42067,42031,184.974
42067,42033,104.236
42067,42035,80.62
42067,42037,101.793
42067,42039,260.311
42067,42041,42.467
42067,42043,54.271
42067,42045,183.303
42067,42047,144.321
42067,42049,273.371
42067,42051,202.319
42067,42053,188.615
42067,42055,72.389
42067,42057,90.405
42067,42059,251.094
42067,42061,50.569
42067,42063,142.919
42067,42065,149.848
42067,42069,181.107
42067,42071,112.038
42067,42073,252.18
42067,42075,82.015
42067,42077,153.183
42067,42079,138.886
42067,42081,94.699
42067,42083,172.279
42067,42085,254.741
42067,42087,20.166
42067,42089,183.286
42067,42091,176.084
42067,42093,83.529
42067,42095,178.489
42067,42097,68.472
42067,42099,18.918
42067,42101,201.077
42067,42103,218.005
42067,42105,141.125
42067,42107,102.006
42067,42109,38.625
42067,42111,151.324
42067,42113,126.255
42067,42115,196.366
42067,42117,138.555
42067,42119,55.933
42067,42121,220.143
42067,42123,211.89
42067,42125,244.058
42067,42127,215.367
42067,42129,176.427
42067,42131,159.921
42067,42133,88.976
42069,42001,220.678
42069,42003,382.565
42069,42005,330.29
42069,42007,406.137
42069,42009,290.239
42069,42011,116.528
42069,42013,253.363
42069,42015,84.899
42069,42017,129.381
42069,42019,364.906
42069,42021,280.889
42069,42023,216.288
42069,42025,58.244
42069,42027,193.773
42069,42029,163.169
42069,42031,319.495
42069,42033,244.513
42069,42035,170.882
42069,42037,79.319
42069,42039,375.151
42069,42041,198.67
42069,42043,150.205
42069,42045,169.926
42069,42047,253.414
42069,42049,372.308
42069,42051,379.948
42069,42053,302.261
42069,42055,244.707
42069,42057,269.821
42069,42059,427.119
42069,42061,229.289
42069,42063,304.476
42069,42065,285.342
42069,42067,181.107
42069,42071,164.098
42069,42073,398.32
42069,42075,138.646
42069,42077,91.619
42069,42079,42.909
42069,42081,121.824
42069,42083,249.457
42069,42085,388.15
42069,42087,191.889
42069,42089,47.749
42069,42091,137.812
42069,42093,98.821
42069,42095,79.978
42069,42097,112.762
42069,42099,180.621
42069,42101,163.857
42069,42103,49.389
42069,42105,193.218
42069,42107,95.875
42069,42109,143.111
42069,42111,331.008
42069,42113,75.277
42069,42115,45.655
42069,42117,141.777
42069,42119,132.495
42069,42121,345.948
42069,42123,307.484
42069,42125,414.238
42069,42127,34.675
42069,42129,347.616
42069,42131,35.132
42069,42133,193.165
42071,42001,84.855
42071,42003,320.342
42071,42005,285.416
42071,42007,354.702
42071,42009,191.013
42071,42011,49.75
42071,42013,184.81
42071,42015,195.485
42071,42017,102.316
42071,42019,324.753
42071,42021,215.197
42071,42023,226.267
42071,42025,107.521
42071,42027,164.892
42071,42029,43.186
42071,42031,296.79
42071,42033,216.249
42071,42035,176.974
42071,42037,112.665
42071,42039,372.311
42071,42041,87.632
42071,42043,61.302
42071,42045,73.634
42071,42047,254.113
42071,42049,384.495
42071,42051,289.981
42071,42053,300.078
42071,42055,126.211
42071,42057,159.45
42071,42059,339.495
42071,42061,152.941
42071,42063,250.042
42071,42065,261.853
42071,42067,112.038
42071,42069,164.098
42071,42073,361.206
42071,42075,40.292
42071,42077,84.318
42071,42079,128.034
42071,42081,160.225
42071,42083,276.696
42071,42085,366.012
42071,42087,132.185
42071,42089,136.531
42071,42091,77.176
42071,42093,114.959
42071,42095,112.249
42071,42097,98.124
42071,42099,94.841
42071,42101,94.894
42071,42103,176.169
42071,42105,234.566
42071,42107,73.827
42071,42109,106.755
42071,42111,236.978
42071,42113,157.687
42071,42115,201.355
42071,42117,210.122
42071,42119,123.396
42071,42121,332.143
42071,42123,321.647
42071,42125,340.55
42071,42127,195.443
42071,42129,275.1
42071,42131,165.287
42071,42133,42.99
42073,42001,291.69
42073,42003,65.288
42073,42005,75.797
42073,42007,34.381
42073,42009,190.557
42073,42011,377.061
42073,42013,176.707
42073,42015,330.699
42073,42017,446.879
42073,42019,36.472
42073,42021,147.287
42073,42023,184.993
42073,42025,388.507
42073,42027,211.322
42073,42029,404.0
42073,42031,79.766
42073,42033,156.126
42073,42035,227.518
42073,42037,329.708
42073,42039,79.452
42073,42041,275.031
42073,42043,306.447
42073,42045,434.296
42073,42047,149.048
42073,42049,114.156
42073,42051,132.54
42073,42053,108.644
42073,42055,250.751
42073,42057,222.221
42073,42059,126.816
42073,42061,208.419
42073,42063,111.505
42073,42065,112.984
42073,42067,252.18
42073,42069,398.32
42073,42071,361.206
42073,42075,334.196
42073,42077,401.349
42073,42079,364.761
42073,42081,276.533
42073,42083,173.006
42073,42085,35.174
42073,42087,232.603
42073,42089,419.048
42073,42091,428.221
42073,42093,308.467
42073,42095,423.448
42073,42097,304.976
42073,42099,267.243
42073,42101,453.057
42073,42103,445.305
42073,42105,220.093
42073,42107,347.835
42073,42109,275.54
42073,42111,158.232
42073,42113,323.674
42073,42115,389.197
42073,42117,271.266
42073,42119,274.713
42073,42121,66.355
42073,42123,127.304
42073,42125,89.461
42073,42127,426.424
42073,42129,105.289
42073,42131,365.674
42073,42133,327.699
42075,42001,84.956
42075,42003,298.49
42075,42005,258.667
42075,42007,330.769
42075,42009,177.279
42075,42011,45.36
42075,42013,160.55
42075,42015,158.131
42075,42017,114.549
42075,42019,297.785
42075,42021,191.478
42075,42023,188.881
42075,42025,87.998
42075,42027,130.299
42075,42029,74.501
42075,42031,265.836
42075,42033,184.033
42075,42035,138.417
42075,42037,75.876
42075,42039,339.3
42075,42041,72.196
42075,42043,27.768
42075,42045,102.983
42075,42047,218.534
42075,42049,349.515
42075,42051,275.642
42075,42053,265.869
42075,42055,118.027
42075,42057,149.024
42075,42059,325.229
42075,42061,129.148
42075,42063,224.59
42075,42065,230.218
42075,42067,82.015
42075,42069,138.646
42075,42071,40.292
42075,42073,334.196
42075,42077,78.11
42075,42079,98.295
42075,42081,119.941
42075,42083,238.663
42075,42085,336.141
42075,42087,101.736
42075,42089,121.572
42075,42091,94.123
42075,42093,75.386
42075,42095,106.244
42075,42097,57.918
42075,42099,68.269
42075,42101,119.329
42075,42103,160.771
42075,42105,194.933
42075,42107,42.821
42075,42109,68.425
42075,42111,222.81
42075,42113,120.062
42075,42115,170.809
42075,42117,169.889
42075,42119,83.609
42075,42121,300.3
42075,42123,285.648
42075,42125,322.138
42075,42127,172.256
42075,42129,255.098
42075,42131,133.263
42075,42133,54.729
42077,42001,160.722
42077,42003,371.189
42077,42005,327.111
42077,42007,401.374
42077,42009,254.82
42077,42011,35.677
42077,42013,233.337
42077,42015,151.863
42077,42017,51.277
42077,42019,365.415
42077,42021,264.034
42077,42023,237.458
42077,42025,35.358
42077,42027,190.685
42077,42029,72.364
42077,42031,328.155
42077,42033,246.367
42077,42035,185.241
42077,42037,83.817
42077,42039,396.27
42077,42041,150.264
42077,42043,102.732
42077,42045,79.108
42077,42047,271.876
42077,42049,401.361
42077,42051,352.555
42077,42053,321.453
42077,42055,196.058
42077,42057,227.103
42077,42059,401.996
42077,42061,203.125
42077,42063,294.994
42077,42065,292.151
42077,42067,153.183
42077,42069,91.619
42077,42071,84.318
42077,42073,401.349
42077,42075,78.11
42077,42079,71.058
42077,42081,147.892
42077,42083,282.227
42077,42085,399.156
42077,42087,170.951
42077,42089,53.883
42077,42091,48.585
42077,42093,100.908
42077,42095,28.686
42077,42097,97.813
42077,42099,143.219
42077,42101,77.691
42077,42103,92.7
42077,42105,230.23
42077,42107,53.648
42077,42109,125.832
42077,42111,300.005
42077,42113,120.598
42077,42115,135.525
42077,42117,189.626
42077,42119,129.757
42077,42121,360.345
42077,42123,335.685
42077,42125,397.006
42077,42127,117.667
42077,42129,329.472
42077,42131,106.808
42077,42133,123.255
42079,42001,178.477
42079,42003,344.984
42079,42005,294.47
42079,42007,370.363
42079,42009,248.077
42079,42011,84.744
42079,42013,213.043
42079,42015,80.921
42079,42017,119.39
42079,42019,330.384
42079,42021,241.415
42079,42023,187.221
42079,42025,37.152
42079,42027,156.187
42079,42029,135.405
42079,42031,287.183
42079,42033,209.204
42079,42035,138.083
42079,42037,37.661
42079,42039,347.826
42079,42041,155.823
42079,42043,107.689
42079,42045,148.733
42079,42047,223.884
42079,42049,348.294
42079,42051,339.182
42079,42053,273.592
42079,42055,201.799
42079,42057,227.066
42079,42059,386.895
42079,42061,187.79
42079,42063,266.824
42079,42065,252.083
42079,42067,138.886
42079,42069,42.909
42079,42071,128.034
42079,42073,364.761
42079,42075,98.295
42079,42077,71.058
42079,42081,91.749
42079,42083,226.022
42079,42085,357.142
42079,42087,150.664
42079,42089,56.002
42079,42091,119.546
42079,42093,58.482
42079,42095,74.056
42079,42097,70.414
42079,42099,137.788
42079,42101,148.72
42079,42103,81.702
42079,42105,170.957
42079,42107,55.746
42079,42109,101.413
42079,42111,289.524
42079,42113,52.957
42079,42115,73.362
42079,42117,124.451
42079,42119,93.058
42079,42121,315.856
42079,42123,282.602
42079,42125,375.489
42079,42127,77.582
42079,42129,308.356
42079,42131,38.044
42079,42133,153.016
42081,42001,164.187
42081,42003,263.716
42081,42005,209.692
42081,42007,285.252
42081,42009,191.239
42081,42011,140.665
42081,42013,144.366
42081,42015,67.353
42081,42017,199.124
42081,42019,243.401
42081,42021,167.653
42081,42023,95.628
42081,42025,122.969
42081,42027,78.958
42081,42029,188.509
42081,42031,197.689
42081,42033,124.061
42081,42035,49.464
42081,42037,64.167
42081,42039,256.108
42081,42041,132.272
42081,42043,105.951
42081,42045,211.922
42081,42047,132.52
42081,42049,256.917
42081,42051,269.366
42081,42053,182.042
42081,42055,166.95
42081,42057,180.823
42081,42059,313.9
42081,42061,128.708
42081,42063,186.419
42081,42065,163.581
42081,42067,94.699
42081,42069,121.824
42081,42071,160.225
42081,42073,276.533
42081,42075,119.941
42081,42077,147.892
42081,42079,91.749
42081,42083,135.396
42081,42085,266.7
42081,42087,93.82
42081,42089,147.741
42081,42091,190.479
42081,42093,48.827
42081,42095,161.216
42081,42097,62.236
42081,42099,106.395
42081,42101,220.35
42081,42103,169.517
42081,42105,82.338
42081,42107,100.435
42081,42109,63.778
42081,42111,225.157
42081,42113,47.448
42081,42115,117.768
42081,42117,50.218
42081,42119,42.303
42081,42121,224.87
42081,42123,191.123
42081,42125,297.237
42081,42127,150.525
42081,42129,232.459
42081,42131,89.492
42081,42133,160.841
42083,42001,243.447
42083,42003,190.133
42083,42005,133.614
42083,42007,194.46
42083,42009,200.419
42083,42011,270.106
42083,42013,148.674
42083,42015,170.254
42083,42017,333.129
42083,42019,150.034
42083,42021,146.466
42083,42023,51.221
42083,42025,258.36
42083,42027,116.923
42083,42029,312.738
42083,42031,98.575
42083,42033,90.163
42083,42035,100.386
42083,42037,199.178
42083,42039,128.269
42083,42041,213.03
42083,42043,215.516
42083,42045,339.479
42083,42047,43.05
42083,42049,122.883
42083,42051,228.639
42083,42053,64.369
42083,42055,220.907
42083,42057,212.801
42083,42059,257.98
42083,42061,162.334
42083,42063,135.649
42083,42065,83.652
42083,42067,172.279
42083,42069,249.457
42083,42071,276.696
42083,42073,173.006
42083,42075,238.663
42083,42077,282.227
42083,42079,226.022
42083,42081,135.396
42083,42085,151.334
42083,42087,155.121
42083,42089,281.819
42083,42091,322.011
42083,42093,181.372
42083,42095,296.61
42083,42097,188.167
42083,42099,191.141
42083,42101,351.223
42083,42103,298.792
42083,42105,56.268
42083,42107,231.702
42083,42109,170.284
42083,42111,207.703
42083,42113,175.618
42083,42115,229.422
42083,42117,109.075
42083,42119,156.906
42083,42121,108.722
42083,42123,58.439
42083,42125,228.546
42083,42127,271.574
42083,42129,182.66
42083,42131,214.459
42083,42133,260.903
42085,42001,301.96
42085,42003,95.543
42085,42005,85.979
42085,42007,69.365
42085,42009,207.333
42085,42011,377.331
42085,42013,184.638
42085,42015,316.082
42085,42017,446.489
42085,42019,52.115
42085,42021,157.778
42085,42023,172.036
42085,42025,383.433
42085,42027,208.61
42085,42029,408.102
42085,42031,71.002
42085,42033,153.037
42085,42035,219.066
42085,42037,323.649
42085,42039,44.379
42085,42041,282.08
42085,42043,308.671
42085,42045,438.038
42085,42047,134.95
42085,42049,79.016
42085,42051,162.082
42085,42053,88.372
42085,42055,263.052
42085,42057,237.09
42085,42059,161.066
42085,42061,215.277
42085,42063,121.959
42085,42065,107.01
42085,42067,254.741
42085,42069,388.15
42085,42071,366.012
42085,42073,35.174
42085,42075,336.141
42085,42077,399.156
42085,42079,357.142
42085,42081,266.7
42085,42083,151.334
42085,42087,234.671
42085,42089,412.437
42085,42091,429.367
42085,42093,302.799
42085,42095,419.614
42085,42097,301.59
42085,42099,271.2
42085,42101,455.47
42085,42103,436.216
42085,42105,202.686
42085,42107,345.523
42085,42109,273.801
42085,42111,180.608
42085,42113,312.918
42085,42115,375.249
42085,42117,255.372
42085,42119,270.236
42085,42121,43.12
42085,42123,99.715
42085,42125,123.742
42085,42127,414.492
42085,42129,128.771
42085,42131,354.478
42085,42133,335.356
42087,42001,88.877
42087,42003,200.364
42087,42005,157.296
42087,42007,230.619
42087,42009,99.957
42087,42011,144.61
42087,42013,63.419
42087,42015,160.217
42087,42017,214.555
42087,42019,196.25
42087,42021,93.506
42087,42023,104.223
42087,42025,164.336
42087,42027,38.334
42087,42029,173.615
42087,42031,164.82
42087,42033,84.143
42087,42035,69.365
42087,42037,113.034
42087,42039,240.21
42087,42041,57.911
42087,42043,74.091
42087,42045,203.407
42087,42047,125.293
42087,42049,253.631
42087,42051,188.564
42087,42053,168.791
42087,42055,76.464
42087,42057,87.004
42087,42059,236.621
42087,42061,37.552
42087,42063,124.166
42087,42065,129.684
42087,42067,20.166
42087,42069,191.889
42087,42071,132.185
42087,42073,232.603
42087,42075,101.736
42087,42077,170.951
42087,42079,150.664
42087,42081,93.82
42087,42083,155.121
42087,42085,234.671
42087,42089,197.992
42087,42091,195.635
42087,42093,93.093
42087,42095,195.416
42087,42097,81.088
42087,42099,38.144
42087,42101,220.97
42087,42103,231.264
42087,42105,128.271
42087,42107,118.67
42087,42109,49.432
42087,42111,139.13
42087,42113,131.278
42087,42115,203.035
42087,42117,132.711
42087,42119,61.005
42087,42121,199.979
42087,42123,192.692
42087,42125,227.621
42087,42127,225.571
42087,42129,159.952
42087,42131,167.959
42087,42133,107.758
42089,42001,206.525
42089,42003,396.327
42089,42005,347.56
42089,42007,423.258
42089,42009,290.814
42089,42011,86.787
42089,42013,261.368
42089,42015,127.322
42089,42017,82.563
42089,42019,384.221
42089,42021,290.912
42089,42023,243.126
42089,42025,34.681
42089,42027,208.765
42089,42029,125.509
42089,42031,342.164
42089,42033,263.03
42089,42035,193.446
42089,42037,89.356
42089,42039,403.773
42089,42041,190.578
42089,42043,140.796
42089,42045,127.006
42089,42047,279.681
42089,42049,404.231
42089,42051,385.602
42089,42053,329.45
42089,42055,237.421
42089,42057,266.186
42089,42059,434.255
42089,42061,233.709
42089,42063,318.437
42089,42065,306.781
42089,42067,183.286
42089,42069,47.749
42089,42071,136.531
42089,42073,419.048
42089,42075,121.572
42089,42077,53.883
42089,42079,56.002
42089,42081,147.741
42089,42083,281.819
42089,42085,412.437
42089,42087,197.992
42089,42091,94.232
42089,42093,110.666
42089,42095,33.894
42089,42097,117.294
42089,42099,177.862
42089,42101,118.081
42089,42103,39.777
42089,42105,226.455
42089,42107,83.459
42089,42109,148.909
42089,42111,334.365
42089,42113,107.109
42089,42115,93.182
42089,42117,178.314
42089,42119,144.94
42089,42121,371.431
42089,42123,338.571
42089,42125,425.316
42089,42127,65.708
42089,42129,357.74
42089,42131,76.288
42089,42133,172.523
42091,42001,162.012
42091,42003,392.081
42091,42005,352.76
42091,42007,424.794
42091,42009,266.585
42091,42011,52.607
42091,42013,254.432
42091,42015,200.167
42091,42017,26.176
42091,42019,391.837
42091,42021,285.33
42091,42023,274.854
42091,42025,83.788
42091,42027,221.659
42091,42029,41.874
42091,42031,358.712
42091,42033,276.596
42091,42035,222.632
42091,42037,127.863
42091,42039,430.387
42091,42041,161.361
42091,42043,121.888
42091,42045,32.817
42091,42047,307.389
42091,42049,438.201
42091,42051,365.652
42091,42053,356.087
42091,42055,202.798
42091,42057,235.794
42091,42059,415.277
42091,42061,222.821
42091,42063,318.694
42091,42065,322.856
42091,42067,176.084
42091,42069,137.812
42091,42071,77.176
42091,42073,428.221
42091,42075,94.123
42091,42077,48.585
42091,42079,119.546
42091,42081,190.479
42091,42083,322.011
42091,42085,429.367
42091,42087,195.635
42091,42089,94.232
42091,42093,141.9
42091,42095,60.623
42091,42097,133.973
42091,42099,162.087
42091,42101,30.05
42091,42103,127.782
42091,42105,272.292
42091,42107,90.508
42091,42109,156.87
42091,42111,312.577
42091,42113,167.784
42091,42115,182.746
42091,42117,234.995
42091,42119,165.799
42091,42121,392.502
42091,42123,373.125
42091,42125,414.506
42091,42127,159.931
42091,42129,348.017
42091,42131,155.318
42091,42133,120.099
42093,42001,137.016
42093,42003,286.705
42093,42005,236.979
42093,42007,312.76
42093,42009,192.045
42093,42011,91.848
42093,42013,154.785
42093,42015,85.437
42093,42017,151.764
42093,42019,273.558
42093,42021,182.949
42093,42023,136.982
42093,42025,80.654
42093,42027,98.261
42093,42029,140.274
42093,42031,232.156
42093,42033,152.388
42093,42035,85.176
42093,42037,21.377
42093,42039,296.876
42093,42041,108.905
42093,42043,68.874
42093,42045,163.138
42093,42047,172.217
42093,42049,300.726
42093,42051,281.21
42093,42053,222.057
42093,42055,151.848
42093,42057,173.672
42093,42059,328.646
42093,42061,130.556
42093,42063,208.585
42093,42065,196.527
42093,42067,83.529
42093,42069,98.821
42093,42071,114.959
42093,42073,308.467
42093,42075,75.386
42093,42077,100.908
42093,42079,58.482
42093,42081,48.827
42093,42083,181.372
42093,42085,302.799
42093,42087,93.093
42093,42089,110.666
42093,42091,141.9
42093,42095,117.559
42093,42097,20.04
42093,42099,86.546
42093,42101,171.681
42093,42103,140.111
42093,42105,130.41
42093,42107,51.629
42093,42109,44.944
42093,42111,232.223
42093,42113,48.099
42093,42115,113.584
42093,42117,96.526
42093,42119,34.652
42093,42121,262.55
42093,42123,234.963
42093,42125,317.011
42093,42127,132.518
42093,42129,249.881
42093,42131,76.517
42093,42133,123.333
42095,42001,189.374
42095,42003,395.735
42095,42005,350.022
42095,42007,424.919
42095,42009,282.108
42095,42011,64.319
42095,42013,258.433
42095,42015,153.03
42095,42017,49.419
42095,42019,387.839
42095,42021,288.88
42095,42023,254.267
42095,42025,38.367
42095,42027,212.147
42095,42029,94.558
42095,42031,348.723
42095,42033,267.635
42095,42035,202.721
42095,42037,97.869
42095,42039,414.427
42095,42041,178.184
42095,42043,129.866
42095,42045,93.44
42095,42047,289.767
42095,42049,417.571
42095,42051,379.298
42095,42053,339.614
42095,42055,224.271
42095,42057,254.978
42095,42059,428.599
42095,42061,228.861
42095,42063,318.832
42095,42065,312.841
42095,42067,178.489
42095,42069,79.978
42095,42071,112.249
42095,42073,423.448
42095,42075,106.244
42095,42077,28.686
42095,42079,74.056
42095,42081,161.216
42095,42083,296.61
42095,42085,419.614
42095,42087,195.416
42095,42089,33.894
42095,42091,60.623
42095,42093,117.559
42095,42097,118.478
42095,42099,169.774
42095,42101,84.301
42095,42103,68.229
42095,42105,242.776
42095,42107,76.746
42095,42109,148.452
42095,42111,326.993
42095,42113,126.915
42095,42115,125.618
42095,42117,198.196
42095,42119,149.385
42095,42121,379.864
42095,42123,351.729
42095,42125,422.54
42095,42127,99.427
42095,42129,354.891
42095,42131,103.663
42095,42133,151.854
42097,42001,117.208
42097,42003,279.236
42097,42005,231.841
42097,42007,307.103
42097,42009,177.663
42097,42011,81.947
42097,42013,144.26
42097,42015,105.431
42097,42017,146.953
42097,42019,269.429
42097,42021,173.625
42097,42023,141.028
42097,42025,84.428
42097,42027,93.669
42097,42029,127.137
42097,42031,230.61
42097,42033,149.202
42097,42035,88.721
42097,42037,33.631
42097,42039,298.618
42097,42041,89.806
42097,42043,48.896
42097,42045,152.072
42097,42047,174.487
42097,42049,304.74
42097,42051,269.532
42097,42053,223.859
42097,42055,133.842
42097,42057,157.297
42097,42059,317.708
42097,42061,117.731
42097,42063,201.572
42097,42065,194.647
42097,42067,68.472
42097,42069,112.762
42097,42071,98.124
42097,42073,304.976
42097,42075,57.918
42097,42077,97.813
42097,42079,70.414
42097,42081,62.236
42097,42083,188.167
42097,42085,301.59
42097,42087,81.088
42097,42089,117.294
42097,42091,133.973
42097,42093,20.04
42097,42095,118.478
42097,42099,68.709
42097,42101,163.058
42097,42103,150.219
42097,42105,140.287
42097,42107,44.58
42097,42109,31.704
42097,42111,219.348
42097,42113,68.127
42097,42115,131.832
42097,42117,111.999
42097,42119,32.142
42097,42121,262.542
42097,42123,239.393
42097,42125,308.033
42097,42127,147.177
42097,42129,240.487
42097,42131,94.113
42097,42133,103.63
42099,42001,58.718
42099,42003,230.221
42099,42005,191.492
42099,42007,262.727
42099,42009,113.027
42099,42011,113.193
42099,42013,92.35
42099,42015,166.786
42099,42017,182.794
42099,42019,230.773
42099,42021,123.262
42099,42023,139.932
42099,42025,143.232
42099,42027,74.577
42099,42029,137.028
42099,42031,202.0
42099,42033,122.105
42099,42035,98.127
42099,42037,102.201
42099,42039,278.081
42099,42041,26.102
42099,42043,40.956
42099,42045,167.177
42099,42047,163.107
42099,42049,291.775
42099,42051,209.524
42099,42053,206.931
42099,42055,65.307
42099,42057,89.382
42099,42059,258.862
42099,42061,60.88
42099,42063,156.818
42099,42065,167.264
42099,42067,18.918
42099,42069,180.621
42099,42071,94.841
42099,42073,267.243
42099,42075,68.269
42099,42077,143.219
42099,42079,137.788
42099,42081,106.395
42099,42083,191.141
42099,42085,271.2
42099,42087,38.144
42099,42089,177.862
42099,42091,162.087
42099,42093,86.546
42099,42095,169.774
42099,42097,68.709
42099,42101,185.914
42099,42103,214.234
42099,42105,158.827
42099,42107,94.78
42099,42109,44.384
42099,42111,157.32
42099,42113,132.469
42099,42115,200.083
42099,42117,152.746
42099,42119,65.007
42099,42121,237.507
42099,42123,230.63
42099,42125,254.263
42099,42127,215.235
42099,42129,187.014
42099,42131,162.659
42099,42133,70.067
42101,42001,178.297
42101,42003,414.567
42101,42005,377.36
42101,42007,448.237
42101,42009,285.849
42101,42011,81.155
42101,42013,277.833
42101,42015,229.554
42101,42017,36.682
42101,42019,416.6
42101,42021,308.563
42101,42023,303.571
42101,42025,112.321
42101,42027,248.793
42101,42029,52.503
42101,42031,385.114
42101,42033,303.187
42101,42035,251.494
42101,42037,157.904
42101,42039,457.848
42101,42041,182.164
42101,42043,146.88
42101,42045,24.747
42101,42047,335.52
42101,42049,466.504
42101,42051,384.736
42101,42053,383.846
42101,42055,220.664
42101,42057,254.012
42101,42059,434.186
42101,42061,245.995
42101,42063,342.685
42101,42065,349.422
42101,42067,201.077
42101,42069,163.857
42101,42071,94.894
42101,42073,453.057
42101,42075,119.329
42101,42077,77.691
42101,42079,148.72
42101,42081,220.35
42101,42083,351.223
42101,42085,455.47
42101,42087,220.97
42101,42089,118.081
42101,42091,30.05
42101,42093,171.681
42101,42095,84.301
42101,42097,163.058
42101,42099,185.914
42101,42103,147.499
42101,42105,302.004
42101,42107,120.147
42101,42109,184.583
42101,42111,331.782
42101,42113,197.663
42101,42115,209.314
42101,42117,265.045
42101,42119,194.624
42101,42121,419.374
42101,42123,401.679
42101,42125,435.396
42101,42127,182.99
42101,42129,369.693
42101,42131,183.696
42101,42133,136.038
42103,42001,245.69
42103,42003,426.682
42103,42005,375.854
42103,42007,451.769
42103,42009,326.643
42103,42011,126.459
42103,42013,294.165
42103,42015,133.314
42103,42017,110.819
42103,42019,411.337
42103,42021,322.892
42103,42023,264.711
42103,42025,72.897
42103,42027,237.837
42103,42029,162.698
42103,42031,366.999
42103,42033,290.345
42103,42035,217.869
42103,42037,118.996
42103,42039,424.144
42103,42041,228.506
42103,42043,178.684
42103,42045,160.357
42103,42047,301.788
42103,42049,421.658
42103,42051,419.751
42103,42053,350.922
42103,42055,275.359
42103,42057,303.26
42103,42059,467.861
42103,42061,267.888
42103,42063,348.518
42103,42065,332.376
42103,42067,218.005
42103,42069,49.389
42103,42071,176.169
42103,42073,445.305
42103,42075,160.771
42103,42077,92.7
42103,42079,81.702
42103,42081,169.517
42103,42083,298.792
42103,42085,436.216
42103,42087,231.264
42103,42089,39.777
42103,42091,127.782
42103,42093,140.111
42103,42095,68.229
42103,42097,150.219
42103,42099,214.234
42103,42101,147.499
42103,42105,242.571
42103,42107,121.19
42103,42109,181.832
42103,42111,369.31
42103,42113,123.977
42103,42115,83.849
42103,42117,191.134
42103,42119,174.734
42103,42121,394.275
42103,42123,356.75
42103,42125,457.092
42103,42127,41.728
42103,42129,389.853
42103,42131,84.512
42103,42133,212.245
42105,42001,215.962
42105,42003,225.068
42105,42005,167.158
42105,42007,236.8
42105,42009,199.669
42105,42011,221.527
42105,42013,145.547
42105,42015,114.593
42105,42017,281.46
42105,42019,192.241
42105,42021,154.935
42105,42023,42.776
42105,42025,204.413
42105,42027,92.03
42105,42029,267.221
42105,42031,141.153
42105,42033,95.865
42105,42035,60.717
42105,42037,146.469
42105,42039,183.603
42105,42041,183.588
42105,42043,174.949
42105,42045,292.277
42105,42047,72.018
42105,42049,179.09
42105,42051,250.752
42105,42053,114.333
42105,42055,202.625
42105,42057,203.138
42105,42059,287.338
42105,42061,147.858
42105,42063,157.206
42105,42065,114.747
42105,42067,141.125
42105,42069,193.218
42105,42071,234.566
42105,42073,220.093
42105,42075,194.933
42105,42077,230.23
42105,42079,170.957
42105,42081,82.338
42105,42083,56.268
42105,42085,202.686
42105,42087,128.271
42105,42089,226.455
42105,42091,272.292
42105,42093,130.41
42105,42095,242.776
42105,42097,140.287
42105,42099,158.827
42105,42101,302.004
42105,42103,242.571
42105,42107,181.857
42105,42109,128.496
42105,42111,218.893
42105,42113,119.748
42105,42115,173.92
42105,42117,53.299
42105,42119,111.326
42105,42121,159.566
42105,42123,114.552
42105,42125,262.508
42105,42127,215.504
42105,42129,206.836
42105,42131,158.2
42105,42133,225.504
42107,42001,125.796
42107,42003,318.995
42107,42005,273.836
42107,42007,348.434
42107,42009,207.802
42107,42011,40.472
42107,42013,181.756
42107,42015,122.976
42107,42017,102.388
42107,42019,311.979
42107,42021,212.146
42107,42023,185.372
42107,42025,48.791
42107,42027,137.038
42107,42029,90.614
42107,42031,274.522
42107,42033,192.72
42107,42035,133.031
42107,42037,41.274
42107,42039,343.174
42107,42041,107.339
42107,42043,57.506
42107,42045,111.802
42107,42047,219.063
42107,42049,349.2
42107,42051,303.739
42107,42053,268.432
42107,42055,154.201
42107,42057,182.729
42107,42059,352.804
42107,42061,152.527
42107,42063,242.215
42107,42065,238.515
42107,42067,102.006
42107,42069,95.875
42107,42071,73.827
42107,42073,347.835
42107,42075,42.821
42107,42077,53.648
42107,42079,55.746
42107,42081,100.435
42107,42083,231.702
42107,42085,345.523
42107,42087,118.67
42107,42089,83.459
42107,42091,90.508
42107,42093,51.629
42107,42095,76.746
42107,42097,44.58
42107,42099,94.78
42107,42101,120.147
42107,42103,121.19
42107,42105,181.857
42107,42109,72.301
42107,42111,251.916
42107,42113,85.98
42107,42115,128.816
42107,42117,146.935
42107,42119,76.716
42107,42121,306.859
42107,42123,283.752
42107,42125,345.942
42107,42127,129.694
42107,42129,278.27
42107,42131,91.895
42107,42133,97.502
42109,42001,100.68
42109,42003,247.959
42109,42005,201.622
42109,42007,276.483
42109,42009,147.234
42109,42011,104.312
42109,42013,112.557
42109,42015,122.404
42109,42017,172.754
42109,42019,239.682
42109,42021,142.016
42109,42023,120.491
42109,42025,115.69
42109,42027,65.218
42109,42029,142.776
42109,42031,202.847
42109,42033,120.787
42109,42035,70.235
42109,42037,63.898
42109,42039,273.517
42109,42041,69.402
42109,42043,46.454
42109,42045,170.461
42109,42047,151.026
42109,42049,282.083
42109,42051,237.969
42109,42053,199.295
42109,42055,108.739
42109,42057,128.95
42109,42059,286.044
42109,42061,86.376
42109,42063,170.559
42109,42065,166.845
42109,42067,38.625
42109,42069,143.111
42109,42071,106.755
42109,42073,275.54
42109,42075,68.425
42109,42077,125.832
42109,42079,101.413
42109,42081,63.778
42109,42083,170.284
42109,42085,273.801
42109,42087,49.432
42109,42089,148.909
42109,42091,156.87
42109,42093,44.944
42109,42095,148.452
42109,42097,31.704
42109,42099,44.384
42109,42101,184.583
42109,42103,181.832
42109,42105,128.496
42109,42107,72.301
42109,42111,188.115
42109,42113,88.549
42109,42115,157.854
42109,42117,112.497
42109,42119,21.483
42109,42121,235.937
42109,42123,217.693
42109,42125,276.41
42109,42127,177.159
42109,42129,208.833
42109,42131,121.297
42109,42133,98.91
42111,42001,154.816
42111,42003,97.921
42111,42005,100.401
42111,42007,136.986
42111,42009,46.003
42111,42011,268.101
42111,42013,80.827
42111,42015,292.269
42111,42017,335.759
42111,42019,128.526
42111,42021,63.967
42111,42023,177.043
42111,42025,299.937
42111,42027,146.761
42111,42029,279.479
42111,42031,139.644
42111,42033,123.498
42111,42035,182.918
42111,42037,251.991
42111,42039,210.907
42111,42041,151.518
42111,42043,197.283
42111,42045,309.453
42111,42047,164.685
42111,42049,239.936
42111,42051,53.075
42111,42053,172.208
42111,42055,111.545
42111,42057,78.236
42111,42059,102.71
42111,42061,101.751
42111,42063,75.721
42111,42065,128.529
42111,42067,151.324
42111,42069,331.008
42111,42071,236.978
42111,42073,158.232
42111,42075,222.81
42111,42077,300.005
42111,42079,289.524
42111,42081,225.157
42111,42083,207.703
42111,42085,180.608
42111,42087,139.13
42111,42089,334.365
42111,42091,312.577
42111,42093,232.223
42111,42095,326.993
42111,42097,219.348
42111,42099,157.32
42111,42101,331.782
42111,42103,369.31
42111,42105,218.893
42111,42107,251.916
42111,42109,188.115
42111,42113,268.024
42111,42115,340.373
42111,42117,249.603
42111,42119,199.491
42111,42121,170.339
42111,42123,205.876
42111,42125,106.525
42111,42127,364.678
42111,42129,52.949
42111,42131,306.475
42111,42133,196.354
42113,42001,184.939
42113,42003,310.9
42113,42005,257.127
42113,42007,332.699
42113,42009,231.13
42113,42011,124.658
42113,42013,187.855
42113,42015,38.084
42113,42017,170.813
42113,42019,290.766
42113,42021,212.95
42113,42023,141.012
42113,42025,89.253
42113,42027,124.16
42113,42029,175.999
42113,42031,244.553
42113,42033,171.45
42113,42035,96.911
42113,42037,45.124
42113,42039,300.177
42113,42041,156.068
42113,42043,116.81
42113,42045,194.246
42113,42047,178.14
42113,42049,298.436
42113,42051,314.117
42113,42053,227.028
42113,42055,197.281
42113,42057,216.367
42113,42059,359.606
42113,42061,168.336
42113,42063,233.338
42113,42065,210.804
42113,42067,126.255
42113,42069,75.277
42113,42071,157.687
42113,42073,323.674
42113,42075,120.062
42113,42077,120.598
42113,42079,52.957
42113,42081,47.448
42113,42083,175.618
42113,42085,312.918
42113,42087,131.278
42113,42089,107.109
42113,42091,167.784
42113,42093,48.099
42113,42095,126.915
42113,42097,68.127
42113,42099,132.469
42113,42101,197.663
42113,42103,123.977
42113,42105,119.748
42113,42107,85.98
42113,42109,88.549
42113,42111,268.024
42113,42115,72.367
42113,42117,71.553
42113,42119,70.749
42113,42121,270.673
42113,42123,233.165
42113,42125,344.009
42113,42127,103.08
42113,42129,278.615
42113,42131,42.067
42113,42133,170.672
42115,42001,247.42
42115,42003,380.95
42115,42005,325.898
42115,42007,400.747
42115,42009,302.992
42115,42011,156.591
42115,42013,260.21
42115,42015,59.346
42115,42017,175.029
42115,42019,357.76
42115,42021,284.981
42115,42023,204.259
42115,42025,100.726
42115,42027,196.114
42115,42029,205.582
42115,42031,309.459
42115,42033,240.95
42115,42035,166.311
42115,42037,99.63
42115,42039,357.46
42115,42041,221.561
42115,42043,176.542
42115,42045,214.466
42115,42047,240.806
42115,42049,350.715
42115,42051,386.356
42115,42053,287.39
42115,42055,265.388
42115,42057,286.769
42115,42059,431.502
42115,42061,240.334
42115,42063,304.048
42115,42065,277.408
42115,42067,196.366
42115,42069,45.655
42115,42071,201.355
42115,42073,389.197
42115,42075,170.809
42115,42077,135.525
42115,42079,73.362
42115,42081,117.768
42115,42083,229.422
42115,42085,375.249
42115,42087,203.035
42115,42089,93.182
42115,42091,182.746
42115,42093,113.584
42115,42095,125.618
42115,42097,131.832
42115,42099,200.083
42115,42101,209.314
42115,42103,83.849
42115,42105,173.92
42115,42107,128.816
42115,42109,157.854
42115,42111,340.373
42115,42113,72.367
42115,42117,120.621
42115,42119,142.081
42115,42121,332.285
42115,42123,287.824
42115,42125,414.91
42115,42127,45.538
42115,42129,350.198
42115,42131,38.159
42115,42133,225.299
42117,42001,211.361
42117,42003,270.506
42117,42005,213.298
42117,42007,285.788
42117,42009,222.151
42117,42011,187.395
42117,42013,170.322
42117,42015,61.298
42117,42017,240.62
42117,42019,241.71
42117,42021,187.363
42117,42023,87.322
42117,42025,160.178
42117,42027,105.968
42117,42029,236.733
42117,42031,191.665
42117,42033,133.171
42117,42035,67.842
42117,42037,107.189
42117,42039,236.874
42117,42041,178.847
42117,42043,156.033
42117,42045,258.667
42117,42047,122.221
42117,42049,231.325
42117,42051,287.958
42117,42053,167.176
42117,42055,208.867
42117,42057,217.688
42117,42059,328.464
42117,42061,162.576
42117,42063,197.582
42117,42065,162.126
42117,42067,138.555
42117,42069,141.777
42117,42071,210.122
42117,42073,271.266
42117,42075,169.889
42117,42077,189.626
42117,42079,124.451
42117,42081,50.218
42117,42083,109.075
42117,42085,255.372
42117,42087,132.711
42117,42089,178.314
42117,42091,234.995
42117,42093,96.526
42117,42095,198.196
42117,42097,111.999
42117,42099,152.746
42117,42101,265.045
42117,42103,191.134
42117,42105,53.299
42117,42107,146.935
42117,42109,112.497
42117,42111,249.603
42117,42113,71.553
42117,42115,120.621
42117,42119,91.381
42117,42121,212.287
42117,42123,167.512
42117,42125,306.784
42117,42127,162.528
42117,42129,246.62
42117,42131,106.647
42117,42133,210.69
42119,42001,122.083
42119,42003,252.054
42119,42005,202.628
42119,42007,278.324
42119,42009,160.944
42119,42011,113.476
42119,42013,120.907
42119,42015,102.53
42119,42017,179.095
42119,42019,239.538
42119,42021,148.559
42119,42023,109.057
42119,42025,113.795
42119,42027,63.828
42119,42029,156.423
42119,42031,199.339
42119,42033,118.603
42119,42035,56.87
42119,42037,55.964
42119,42039,266.545
42119,42041,90.52
42119,42043,65.413
42119,42045,182.614
42119,42047,142.348
42119,42049,272.645
42119,42051,247.588
42119,42053,191.76
42119,42055,127.96
42119,42057,145.662
42119,42059,294.625
42119,42061,98.458
42119,42063,173.941
42119,42065,163.476
42119,42067,55.933
42119,42069,132.495
42119,42071,123.396
42119,42073,274.713
42119,42075,83.609
42119,42077,129.757
42119,42079,93.058
42119,42081,42.303
42119,42083,156.906
42119,42085,270.236
42119,42087,61.005
42119,42089,144.94
42119,42091,165.799
42119,42093,34.652
42119,42095,149.385
42119,42097,32.142
42119,42099,65.007
42119,42101,194.624
42119,42103,174.734
42119,42105,111.326
42119,42107,76.716
42119,42109,21.483
42119,42111,199.491
42119,42113,70.749
42119,42115,142.081
42119,42117,91.381
42119,42121,230.783
42119,42123,207.373
42119,42125,282.456
42119,42127,165.515
42119,42129,215.436
42119,42131,107.061
42119,42133,119.427
42121,42001,273.593
42121,42003,105.333
42121,42005,69.947
42121,42007,94.048
42121,42009,188.325
42121,42011,340.107
42121,42013,156.466
42121,42015,273.073
42121,42017,408.586
42121,42019,55.912
42121,42021,133.566
42121,42023,129.662
42121,42025,343.176
42121,42027,170.86
42121,42029,373.441
42121,42031,36.478
42121,42033,116.282
42121,42035,178.023
42121,42037,283.128
42121,42039,42.861
42121,42041,250.91
42121,42043,273.243
42121,42045,402.969
42121,42047,92.534
42121,42049,69.64
42121,42051,164.922
42121,42053,45.26
42121,42055,237.396
42121,42057,214.889
42121,42059,176.432
42121,42061,185.133
42121,42063,100.495
42121,42065,70.295
42121,42067,220.143
42121,42069,345.948
42121,42071,332.143
42121,42073,66.355
42121,42075,300.3
42121,42077,360.345
42121,42079,315.856
42121,42081,224.87
42121,42083,108.722
42121,42085,43.12
42121,42087,199.979
42121,42089,371.431
42121,42091,392.502
42121,42093,262.55
42121,42095,379.864
42121,42097,262.542
42121,42099,237.507
42121,42101,419.374
42121,42103,394.275
42121,42105,159.566
42121,42107,306.859
42121,42109,235.937
42121,42111,170.339
42121,42113,270.673
42121,42115,332.285
42121,42117,212.287
42121,42119,230.783
42121,42123,61.113
42121,42125,140.889
42121,42127,371.834
42121,42129,123.658
42121,42131,312.048
42121,42133,304.148
42123,42001,276.741
42123,42003,160.934
42123,42005,112.605
42123,42007,154.703
42123,42009,211.577
42123,42011,320.659
42123,42013,167.314
42123,42015,228.687
42123,42017,386.0
42123,42019,113.67
42123,42021,154.041
42123,42023,98.381
42123,42025,313.743
42123,42027,156.963
42123,42029,360.145
42123,42031,70.26
42123,42033,112.479
42123,42035,150.721
42123,42037,253.881
42123,42039,70.533
42123,42041,249.208
42123,42043,260.527
42123,42045,388.152
42123,42047,67.637
42123,42049,65.844
42123,42051,212.977
42123,42053,33.669
42123,42055,247.142
42123,42057,231.653
42123,42059,232.16
42123,42061,189.45
42123,42063,130.22
42123,42065,79.69
42123,42067,211.89
42123,42069,307.484
42123,42071,321.647
42123,42073,127.304
42123,42075,285.648
42123,42077,335.685
42123,42079,282.602
42123,42081,191.123
42123,42083,58.439
42123,42085,99.715
42123,42087,192.692
42123,42089,338.571
42123,42091,373.125
42123,42093,234.963
42123,42095,351.729
42123,42097,239.393
42123,42099,230.63
42123,42101,401.679
42123,42103,356.75
42123,42105,114.552
42123,42107,283.752
42123,42109,217.693
42123,42111,205.876
42123,42113,233.165
42123,42115,287.824
42123,42117,167.512
42123,42119,207.373
42123,42121,61.113
42123,42125,198.332
42123,42127,329.993
42123,42129,167.975
42123,42131,272.575
42123,42133,300.446
42125,42001,260.397
42125,42003,38.429
42125,42005,95.823
42125,42007,55.468
42125,42009,150.884
42125,42011,367.359
42125,42013,164.248
42125,42015,360.212
42125,42017,436.525
42125,42019,85.169
42125,42021,134.409
42125,42023,220.974
42125,42025,391.918
42125,42027,220.588
42125,42029,383.52
42125,42031,131.527
42125,42033,174.783
42125,42035,248.758
42125,42037,338.101
42125,42039,166.717
42125,42041,253.395
42125,42043,295.207
42125,42045,413.78
42125,42047,192.343
42125,42049,201.324
42125,42051,59.247
42125,42053,170.029
42125,42055,217.005
42125,42057,184.082
42125,42059,37.362
42125,42061,193.882
42125,42063,110.871
42125,42065,148.281
42125,42067,244.058
42125,42069,414.238
42125,42071,340.55
42125,42073,89.461
42125,42075,322.138
42125,42077,397.006
42125,42079,375.489
42125,42081,297.237
42125,42083,228.546
42125,42085,123.742
42125,42087,227.621
42125,42089,425.316
42125,42091,414.506
42125,42093,317.011
42125,42095,422.54
42125,42097,308.033
42125,42099,254.263
42125,42101,435.396
42125,42103,457.092
42125,42105,262.508
42125,42107,345.942
42125,42109,276.41
42125,42111,106.525
42125,42113,344.009
42125,42115,414.91
42125,42117,306.784
42125,42119,282.456
42125,42121,140.889
42125,42123,198.332
42125,42127,445.943
42125,42129,67.682
42125,42131,385.315
42125,42133,301.231
42127,42001,255.011
42127,42003,413.508
42127,42005,360.164
42127,42007,435.775
42127,42009,324.386
42127,42011,146.609
42127,42013,286.376
42127,42015,101.799
42127,42017,146.761
42127,42019,393.784
42127,42021,313.306
42127,42023,242.531
42127,42025,87.977
42127,42027,225.377
42127,42029,190.022
42127,42031,347.04
42127,42033,274.431
42127,42035,199.987
42127,42037,113.615
42127,42039,398.94
42127,42041,233.327
42127,42043,184.732
42127,42045,192.714
42127,42047,279.554
42127,42049,393.738
42127,42051,413.091
42127,42053,327.428
42127,42055,279.381
42127,42057,304.37
42127,42059,459.845
42127,42061,263.067
42127,42063,335.65
42127,42065,313.702
42127,42067,215.367
42127,42069,34.675
42127,42071,195.443
42127,42073,426.424
42127,42075,172.256
42127,42077,117.667
42127,42079,77.582
42127,42081,150.525
42127,42083,271.574
42127,42085,414.492
42127,42087,225.571
42127,42089,65.708
42127,42091,159.931
42127,42093,132.518
42127,42095,99.427
42127,42097,147.177
42127,42099,215.235
42127,42101,182.99
42127,42103,41.728
42127,42105,215.504
42127,42107,129.694
42127,42109,177.159
42127,42111,364.678
42127,42113,103.08
42127,42115,45.538
42127,42117,162.528
42127,42119,165.515
42127,42121,371.834
42127,42123,329.993
42127,42125,445.943
42127,42129,379.769
42127,42131,61.049
42127,42133,226.462
42129,42001,197.429
42129,42003,46.982
42129,42005,55.723
42129,42007,85.298
42129,42009,89.612
42129,42011,300.199
42129,42013,96.567
42129,42015,297.047
42129,42017,369.613
42129,42019,76.728
42129,42021,66.962
42129,42023,164.144
42129,42025,324.269
42129,42027,154.562
42129,42029,318.24
42129,42031,98.087
42129,42033,113.472
42129,42035,185.053
42129,42037,270.865
42129,42039,161.936
42129,42041,187.541
42129,42043,227.969
42129,42045,348.632
42129,42047,141.702
42129,42049,192.916
42129,42051,46.093
42129,42053,135.075
42129,42055,154.413
42129,42057,122.843
42129,42059,81.985
42129,42061,126.399
42129,42063,49.64
42129,42065,99.027
42129,42067,176.427
42129,42069,347.616
42129,42071,275.1
42129,42073,105.289
42129,42075,255.098
42129,42077,329.472
42129,42079,308.356
42129,42081,232.459
42129,42083,182.66
42129,42085,128.771
42129,42087,159.952
42129,42089,357.74
42129,42091,348.017
42129,42093,249.881
42129,42095,354.891
42129,42097,240.487
42129,42099,187.014
42129,42101,369.693
42129,42103,389.853
42129,42105,206.836
42129,42107,278.27
42129,42109,208.833
42129,42111,52.949
42129,42113,278.615
42129,42115,350.198
42129,42117,246.62
42129,42119,215.436
42129,42121,123.658
42129,42123,167.975
42129,42125,67.682
42129,42127,379.769
42129,42131,319.468
42129,42133,237.049
42131,42001,209.271
42131,42003,352.593
42131,42005,299.115
42131,42007,374.734
42131,42009,267.726
42131,42011,122.788
42131,42013,227.158
42131,42015,51.192
42131,42017,152.011
42131,42019,332.832
42131,42021,253.314
42131,42023,182.449
42131,42025,71.533
42131,42027,164.918
42131,42029,173.323
42131,42031,286.454
42131,42033,213.388
42131,42035,138.949
42131,42037,61.53
42131,42039,340.544
42131,42041,183.663
42131,42043,138.383
42131,42045,185.548
42131,42047,219.566
42131,42049,337.276
42131,42051,353.828
42131,42053,268.046
42131,42055,227.909
42131,42057,250.176
42131,42059,400.005
42131,42061,205.479
42131,42063,274.839
42131,42065,252.842
42131,42067,159.921
42131,42069,35.132
42131,42071,165.287
42131,42073,365.674
42131,42075,133.263
42131,42077,106.808
42131,42079,38.044
42131,42081,89.492
42131,42083,214.459
42131,42085,354.478
42131,42087,167.959
42131,42089,76.288
42131,42091,155.318
42131,42093,76.517
42131,42095,103.663
42131,42097,94.113
42131,42099,162.659
42131,42101,183.696
42131,42103,84.512
42131,42105,158.2
42131,42107,91.895
42131,42109,121.297
42131,42111,306.475
42131,42113,42.067
42131,42115,38.159
42131,42117,106.647
42131,42119,107.061
42131,42121,312.048
42131,42123,272.575
42131,42125,385.315
42131,42127,61.049
42131,42129,319.468
42131,42133,187.541
42133,42001,42.291
42133,42003,283.111
42133,42005,252.305
42133,42007,318.707
42133,42009,150.662
42133,42011,87.582
42133,42013,151.24
42133,42015,208.553
42133,42017,145.304
42133,42019,291.473
42133,42021,180.485
42133,42023,209.685
42133,42025,140.49
42133,42027,144.625
42133,42029,83.538
42133,42031,268.032
42133,42033,190.517
42133,42035,165.164
42133,42037,128.391
42133,42039,345.589
42133,42041,53.327
42133,42043,55.268
42133,42045,113.177
42133,42047,233.031
42133,42049,360.816
42133,42051,249.113
42133,42053,275.888
42133,42055,84.866
42133,42057,118.25
42133,42059,298.416
42133,42061,120.09
42133,42063,216.21
42133,42065,234.433
42133,42067,88.976
42133,42069,193.165
42133,42071,42.99
42133,42073,327.699
42133,42075,54.729
42133,42077,123.255
42133,42079,153.016
42133,42081,160.841
42133,42083,260.903
42133,42085,335.356
42133,42087,107.758
42133,42089,172.523
42133,42091,120.099
42133,42093,123.333
42133,42095,151.854
42133,42097,103.63
42133,42099,70.067
42133,42101,136.038
42133,42103,212.245
42133,42105,225.504
42133,42107,97.502
42133,42109,98.91
42133,42111,196.354
42133,42113,170.672
42133,42115,225.299
42133,42117,210.69
42133,42119,119.427
42133,42121,304.148
42133,42123,300.446
42133,42125,301.231
42133,42127,226.462
42133,42129,237.049
42133,42131,187.541
