a_fips,b_fips,shared_boundary_m
42001,42041,33006.6
42001,42055,25132.0
42001,42133,52556.2
42003,42007,33131.2
42003,42019,38302.3
42003,42125,62283.2
42003,42129,75817.1
42005,42019,55969.4
42005,42031,91333.8
42005,42063,49018.8
42005,42065,16037.7
42005,42129,39942.2
42007,42003,33131.2
42007,42019,20333.8
42007,42073,30150.2
42007,42125,13298.6
42009,42013,44902.4
42009,42021,10935.5
42009,42057,58164.9
42009,42061,19250.4
42009,42111,62506.3
42011,42029,18979.9
42011,42071,30838.8
42011,42075,31850.9
42011,42077,39837.3
42011,42091,26956.8
42011,42107,57390.4
42013,42009,44902.4
42013,42021,55345.1
42013,42027,20548.9
42013,42033,1480.7
42013,42061,76468.5
42015,42081,5104.5
42015,42113,49444.7
42015,42115,38928.2
42015,42117,45503.7
42015,42131,18926.0
42017,42077,18400.5
42017,42091,50508.3
42017,42095,14078.9
42017,42101,16510.9
42019,42003,38302.3
42019,42005,55969.4
42019,42007,20333.8
42019,42031,618.9
42019,42073,26038.5
42019,42085,14185.6
42019,42121,25380.9
42019,42129,15.5
42021,42009,10935.5
42021,42013,55345.1
42021,42033,37966.4
42021,42063,40878.4
42021,42111,37659.3
42021,42129,14832.3
42023,42033,12056.5
42023,42035,30978.1
42023,42047,57209.5
42023,42083,19691.4
42023,42105,25423.7
42025,42077,14330.5
42025,42079,52334.1
42025,42089,48413.3
42025,42095,12001.9
42025,42107,28365.3
42027,42013,20548.9
42027,42033,103485.5
42027,42035,116294.1
42027,42061,41259.6
42027,42087,29761.7
42027,42119,28911.5
42029,42011,18979.9
42029,42045,48635.5
42029,42071,74431.2
42029,42091,54862.1
42031,42005,91333.8
42031,42019,618.9
42031,42053,39478.7
42031,42065,31768.5
42031,42121,42725.7
42033,42013,1480.7
42033,42021,37966.4
42033,42023,12056.5
42033,42027,103485.5
42033,42035,8475.3
42033,42047,43720.2
42033,42063,20496.5
42033,42065,38516.1
42035,42023,30978.1
42035,42027,116294.1
42035,42033,8475.3
42035,42081,66132.7
42035,42105,32418.9
42035,42119,2751.3
42037,42079,46267.5
42037,42081,21895.8
42037,42093,37766.6
42037,42097,24546.1
42037,42107,25952.5
42037,42113,13050.4
42039,42049,74799.6
42039,42085,45127.8
42039,42121,47336.5
42039,42123,25343.4
42041,42001,33006.6
42041,42043,13859.1
42041,42055,39290.9
42041,42099,84729.2
42041,42133,47805.7
42043,42041,13859.1
42043,42071,21880.3
42043,42075,47867.5
42043,42097,28159.4
42043,42099,47572.6
42043,42107,18094.6
42043,42133,18750.9
42045,42029,48635.5
42045,42091,13170.8
42045,42101,22495.2
42047,42023,57209.5
42047,42033,43720.2
42047,42053,46149.4
42047,42065,46901.5
42047,42083,47708.9
42049,42039,74799.6
42049,42123,16631.8
42051,42059,41334.9
42051,42111,52688.7
42051,42125,35714.7
42051,42129,71689.5
42053,42031,39478.7
42053,42047,46149.4
42053,42065,19086.7
42053,42121,31008.7
42053,42123,45986.3
42055,42001,25132.0
42055,42041,39290.9
42055,42057,44329.4
42055,42061,26719.0
42055,42067,3974.1
42055,42099,20425.8
42057,42009,58164.9
42057,42055,44329.4
42057,42061,26560.6
42059,42051,41334.9
42059,42125,67739.9
42061,42009,19250.4
42061,42013,76468.5
42061,42027,41259.6
42061,42055,26719.0
42061,42057,26560.6
42061,42067,13535.4
42061,42087,68899.2
42063,42005,49018.8
42063,42021,40878.4
42063,42033,20496.5
42063,42065,34276.5
42063,42129,79581.0
42065,42005,16037.7
42065,42031,31768.5
42065,42033,38516.1
42065,42047,46901.5
42065,42053,19086.7
42065,42063,34276.5
42067,42055,3974.1
42067,42061,13535.4
42067,42087,55422.4
42067,42097,1364.3
42067,42099,78299.2
42067,42109,39851.4
42069,42079,44416.1
42069,42089,14719.1
42069,42115,21292.4
42069,42127,51081.9
42069,42131,29515.0
42071,42011,30838.8
42071,42029,74431.2
42071,42043,21880.3
42071,42075,37778.6
42071,42133,68469.8
42073,42007,30150.2
42073,42019,26038.5
42073,42085,38483.2
42075,42011,31850.9
42075,42043,47867.5
42075,42071,37778.6
42075,42107,10391.7
42077,42011,39837.3
42077,42017,18400.5
42077,42025,14330.5
42077,42091,5010.4
42077,42095,49824.9
42077,42107,13372.2
42079,42025,52334.1
42079,42037,46267.5
42079,42069,44416.1
42079,42089,8359.1
42079,42107,18750.0
42079,42113,7843.9
42079,42131,38014.5
42081,42015,5104.5
42081,42035,66132.7
42081,42037,21895.8
42081,42093,8095.4
42081,42097,15256.3
42081,42105,7130.0
42081,42113,51341.1
42081,42117,63423.4
42081,42119,26694.6
42083,42023,19691.4
42083,42047,47708.9
42083,42105,42744.8
42083,42123,45019.4
42085,42019,14185.6
42085,42039,45127.8
42085,42073,38483.2
42085,42121,35619.3
42087,42027,29761.7
42087,42061,68899.2
42087,42067,55422.4
42087,42109,17453.3
42087,42119,4818.6
42089,42025,48413.3
42089,42069,14719.1
42089,42079,8359.1
42089,42095,37134.1
42089,42103,50034.4
42089,42127,12268.0
42091,42011,26956.8
42091,42017,50508.3
42091,42029,54862.1
42091,42045,13170.8
42091,42077,5010.4
42091,42101,46375.1
42093,42037,37766.6
42093,42081,8095.4
42093,42097,57519.7
42095,42017,14078.9
42095,42025,12001.9
42095,42077,49824.9
42095,42089,37134.1
42097,42037,24546.1
42097,42043,28159.4
42097,42067,1364.3
42097,42081,15256.3
42097,42093,57519.7
42097,42107,30295.0
42097,42109,31574.1
42097,42119,33179.9
42099,42041,84729.2
42099,42043,47572.6
42099,42055,20425.8
42099,42067,78299.2
42101,42017,16510.9
42101,42045,22495.2
42101,42091,46375.1
42103,42089,50034.4
42103,42127,66633.3
42105,42023,25423.7
42105,42035,32418.9
42105,42081,7130.0
42105,42083,42744.8
42105,42117,51169.8
42107,42011,57390.4
42107,42025,28365.3
42107,42037,25952.5
42107,42043,18094.6
42107,42075,10391.7
42107,42077,13372.2
42107,42079,18750.0
42107,42097,30295.0
42109,42067,39851.4
42109,42087,17453.3
42109,42097,31574.1
42109,42119,51288.9
42111,42009,62506.3
42111,42021,37659.3
42111,42051,52688.7
42111,42129,44370.8
42113,42015,49444.7
42113,42037,13050.4
42113,42079,7843.9
42113,42081,51341.1
42113,42131,19097.7
42115,42015,38928.2
42115,42069,21292.4
42115,42127,40070.6
42115,42131,33583.2
42117,42015,45503.7
42117,42081,63423.4
42117,42105,51169.8
42119,42027,28911.5
42119,42035,2751.3
42119,42081,26694.6
42119,42087,4818.6
42119,42097,33179.9
42119,42109,51288.9
42121,42019,25380.9
42121,42031,42725.7
42121,42039,47336.5
42121,42053,31008.7
42121,42085,35619.3
42121,42123,8360.3
42123,42039,25343.4
42123,42049,16631.8
42123,42053,45986.3
42123,42083,45019.4
42123,42121,8360.3
42125,42003,62283.2
42125,42007,13298.6
42125,42051,35714.7
42125,42059,67739.9
42125,42129,13670.7
42127,42069,51081.9
42127,42089,12268.0
42127,42103,66633.3
42127,42115,40070.6
42129,42003,75817.1
42129,42005,39942.2
42129,42019,15.5
42129,42021,14832.3
42129,42051,71689.5
42129,42063,79581.0
42129,42111,44370.8
42129,42125,13670.7
42131,42015,18926.0
42131,42069,29515.0
42131,42079,38014.5
42131,42113,19097.7
42131,42115,33583.2
42133,42001,52556.2
42133,42041,47805.7
42133,42043,18750.9
42133,42071,68469.8
