county_fips,name,land_area_km2,centroid_lat,centroid_lon
42001,Adams,1343.105,39.871459,-77.217894
42003,Allegheny,1890.567,40.468679,-79.981232
42005,Armstrong,1692.094,40.811951,-79.464604
42007,Beaver,1125.855,40.682159,-80.349359
42009,Bedford,2621.038,40.006201,-78.490418
42011,Berks,2218.077,40.41626,-75.925922
42013,Blair,1359.916,40.48094,-78.348434
42015,Bradford,2971.689,41.788634,-76.515316
42017,Bucks,1565.511,40.336797,-75.106436
42019,Butler,2044.75,40.911789,-79.913359
42021,Cambria,1781.816,40.494947,-78.713719
42023,Cameron,1026.242,41.43661,-78.203829
42025,Carbon,987.706,40.918129,-75.708901
42027,Centre,2867.788,40.918981,-77.820054
42029,Chester,1943.917,39.972928,-75.748696
42031,Clarion,1556.157,41.192265,-79.421076
42033,Clearfield,2965.692,40.999885,-78.474451
42035,Clinton,2304.13,41.233898,-77.638037
42037,Columbia,1251.636,41.048399,-76.405128
42039,Crawford,2621.988,41.684803,-80.106369
42041,Cumberland,1412.792,40.163686,-77.265639
42043,Dauphin,1359.407,40.415233,-76.779387
42045,Delaware,476.06,39.916669,-75.399101
42047,Elk,2141.664,41.425117,-78.648947
42049,Erie,2069.145,41.992579,-80.03286
42051,Fayette,2048.055,39.92004,-79.647443
42053,Forest,1106.596,41.513014,-79.236029
42055,Franklin,2000.193,39.927209,-77.72135
42057,Fulton,1133.253,39.925208,-78.112855
42059,Greene,1491.658,39.853859,-80.222915
42061,Huntingdon,2265.182,40.416513,-77.981236
42063,Indiana,2142.939,40.651781,-79.0878
42065,Jefferson,1689.811,41.127979,-78.999453
42067,Juniata,1013.697,40.531042,-77.402666
42069,Lackawanna,1188.509,41.436526,-75.609163
42071,Lancaster,2444.752,40.042274,-76.247601
42073,Lawrence,925.635,40.991157,-80.334743
42075,Lebanon,937.149,40.367194,-76.457631
42077,Lehigh,894.415,40.612675,-75.5922
42079,Luzerne,2304.59,41.176874,-75.989185
42081,Lycoming,3182.887,41.343414,-77.064242
42083,McKean,2537.397,41.807634,-78.569036
42085,Mercer,1741.866,41.302118,-80.257672
42087,Mifflin,1064.581,40.610281,-77.617424
42089,Monroe,1575.648,41.057961,-75.339561
42091,Montgomery,1250.798,40.210773,-75.367043
42093,Montour,337.557,41.027825,-76.65854
42095,Northampton,957.744,40.754099,-75.307674
42097,Northumberland,1185.381,40.85174,-76.709364
42099,Perry,1428.248,40.398414,-77.262596
42101,Philadelphia,347.901,40.007585,-75.134072
42103,Pike,1411.274,41.331897,-75.033832
42105,Potter,2800.423,41.744671,-77.895765
42107,Schuylkill,2016.51,40.705789,-76.216242
42109,Snyder,851.547,40.769862,-77.070207
42111,Somerset,2784.359,39.972302,-79.028587
42113,Sullivan,1165.338,41.446149,-76.512161
42115,Susquehanna,2132.84,41.821353,-75.80067
42117,Tioga,2936.766,41.772073,-77.254244
42119,Union,818.324,40.962975,-77.062388
42121,Venango,1746.338,41.400843,-79.75811
42123,Warren,2290.28,41.814468,-79.274091
42125,Washington,2219.645,40.189309,-80.248115
42127,Wayne,1879.734,41.648263,-75.303295
42129,Westmoreland,2661.758,40.310828,-79.466664
42131,Wyoming,1028.894,41.5184,-76.016468
42133,York,2342.262,39.919865,-76.726199
