origin,dest,flow,period
42001,42001,24955,ACS 2016-2020
42001,42003,35,ACS 2016-2020
42001,42007,5,ACS 2016-2020
42001,42011,2,ACS 2016-2020
42001,42017,30,ACS 2016-2020
42001,42019,12,ACS 2016-2020
42001,42029,81,ACS 2016-2020
42001,42041,2344,ACS 2016-2020
42001,42043,1094,ACS 2016-2020
42001,42055,1522,ACS 2016-2020
42001,42057,4,ACS 2016-2020
42001,42061,9,ACS 2016-2020
42001,42071,197,ACS 2016-2020
42001,42075,66,ACS 2016-2020
42001,42077,2,ACS 2016-2020
42001,42079,15,ACS 2016-2020
42001,42081,12,ACS 2016-2020
42001,42099,1,ACS 2016-2020
42001,42101,21,ACS 2016-2020
42001,42107,32,ACS 2016-2020
42001,42129,34,ACS 2016-2020
42001,42131,22,ACS 2016-2020
42001,42133,11093,ACS 2016-2020
42001,EXTERNAL,8199,ACS 2016-2020
42003,42001,5,ACS 2016-2020
42003,42003,556367,ACS 2016-2020
42003,42005,895,ACS 2016-2020
42003,42007,5783,ACS 2016-2020
42003,42011,22,ACS 2016-2020
42003,42013,126,ACS 2016-2020
42003,42015,17,ACS 2016-2020
42003,42017,121,ACS 2016-2020
42003,42019,13384,ACS 2016-2020
42003,42021,102,ACS 2016-2020
42003,42027,118,ACS 2016-2020
42003,42029,12,ACS 2016-2020
42003,42031,34,ACS 2016-2020
42003,42033,21,ACS 2016-2020
42003,42039,3,ACS 2016-2020
42003,42041,39,ACS 2016-2020
42003,42043,96,ACS 2016-2020
42003,42045,22,ACS 2016-2020
42003,42047,51,ACS 2016-2020
42003,42049,158,ACS 2016-2020
42003,42051,607,ACS 2016-2020
42003,42059,272,ACS 2016-2020
42003,42063,386,ACS 2016-2020
42003,42065,15,ACS 2016-2020
42003,42067,32,ACS 2016-2020
42003,42071,117,ACS 2016-2020
42003,42073,252,ACS 2016-2020
42003,42075,68,ACS 2016-2020
42003,42077,11,ACS 2016-2020
42003,42079,15,ACS 2016-2020
42003,42081,47,ACS 2016-2020
42003,42083,14,ACS 2016-2020
42003,42085,442,ACS 2016-2020
42003,42087,19,ACS 2016-2020
42003,42089,6,ACS 2016-2020
42003,42091,334,ACS 2016-2020
42003,42093,9,ACS 2016-2020
42003,42101,345,ACS 2016-2020
42003,42105,10,ACS 2016-2020
42003,42107,16,ACS 2016-2020
42003,42111,112,ACS 2016-2020
42003,42117,165,ACS 2016-2020
42003,42121,16,ACS 2016-2020
42003,42123,129,ACS 2016-2020
42003,42125,15562,ACS 2016-2020
42003,42129,12922,ACS 2016-2020
42003,42133,113,ACS 2016-2020
42003,EXTERNAL,6586,ACS 2016-2020
42005,42001,1,ACS 2016-2020
42005,42003,5168,ACS 2016-2020
42005,42005,13676,ACS 2016-2020
42005,42007,42,ACS 2016-2020
42005,42011,5,ACS 2016-2020
42005,42019,3302,ACS 2016-2020
42005,42021,4,ACS 2016-2020
42005,42027,30,ACS 2016-2020
42005,42029,14,ACS 2016-2020
42005,42031,886,ACS 2016-2020
42005,42033,80,ACS 2016-2020
42005,42039,5,ACS 2016-2020
42005,42041,5,ACS 2016-2020
42005,42043,16,ACS 2016-2020
42005,42047,31,ACS 2016-2020
42005,42049,24,ACS 2016-2020
42005,42051,51,ACS 2016-2020
42005,42053,4,ACS 2016-2020
42005,42055,3,ACS 2016-2020
42005,42059,21,ACS 2016-2020
42005,42063,1798,ACS 2016-2020
42005,42065,328,ACS 2016-2020
42005,42073,53,ACS 2016-2020
42005,42077,32,ACS 2016-2020
42005,42085,113,ACS 2016-2020
42005,42091,3,ACS 2016-2020
42005,42101,6,ACS 2016-2020
42005,42111,9,ACS 2016-2020
42005,42115,4,ACS 2016-2020
42005,42117,25,ACS 2016-2020
42005,42121,37,ACS 2016-2020
42005,42123,12,ACS 2016-2020
42005,42125,114,ACS 2016-2020
42005,42129,3253,ACS 2016-2020
42005,EXTERNAL,260,ACS 2016-2020
42007,42003,25439,ACS 2016-2020
42007,42005,38,ACS 2016-2020
42007,42007,41285,ACS 2016-2020
42007,42015,8,ACS 2016-2020
42007,42017,6,ACS 2016-2020
42007,42019,6683,ACS 2016-2020
42007,42021,9,ACS 2016-2020
42007,42027,7,ACS 2016-2020
42007,42033,24,ACS 2016-2020
42007,42041,2,ACS 2016-2020
42007,42043,19,ACS 2016-2020
42007,42045,49,ACS 2016-2020
42007,42049,73,ACS 2016-2020
42007,42051,18,ACS 2016-2020
42007,42059,28,ACS 2016-2020
42007,42061,19,ACS 2016-2020
42007,42071,3,ACS 2016-2020
42007,42073,1648,ACS 2016-2020
42007,42079,20,ACS 2016-2020
42007,42085,226,ACS 2016-2020
42007,42095,2,ACS 2016-2020
42007,42101,50,ACS 2016-2020
42007,42105,5,ACS 2016-2020
42007,42107,14,ACS 2016-2020
42007,42117,37,ACS 2016-2020
42007,42121,23,ACS 2016-2020
42007,42125,690,ACS 2016-2020
42007,42129,223,ACS 2016-2020
42007,EXTERNAL,2010,ACS 2016-2020
42009,42001,2,ACS 2016-2020
42009,42003,58,ACS 2016-2020
42009,42009,14130,ACS 2016-2020
42009,42011,9,ACS 2016-2020
42009,42013,3337,ACS 2016-2020
42009,42015,15,ACS 2016-2020
42009,42017,9,ACS 2016-2020
42009,42021,378,ACS 2016-2020
42009,42025,14,ACS 2016-2020
42009,42027,129,ACS 2016-2020
42009,42029,6,ACS 2016-2020
42009,42033,7,ACS 2016-2020
42009,42035,15,ACS 2016-2020
42009,42037,6,ACS 2016-2020
42009,42041,54,ACS 2016-2020
42009,42043,36,ACS 2016-2020
42009,42047,9,ACS 2016-2020
42009,42055,274,ACS 2016-2020
42009,42057,382,ACS 2016-2020
42009,42059,11,ACS 2016-2020
42009,42061,274,ACS 2016-2020
42009,42063,6,ACS 2016-2020
42009,42069,2,ACS 2016-2020
42009,42071,54,ACS 2016-2020
42009,42075,3,ACS 2016-2020
42009,42077,2,ACS 2016-2020
42009,42079,3,ACS 2016-2020
42009,42085,5,ACS 2016-2020
42009,42087,21,ACS 2016-2020
42009,42093,9,ACS 2016-2020
42009,42101,8,ACS 2016-2020
42009,42107,4,ACS 2016-2020
42009,42109,6,ACS 2016-2020
42009,42111,318,ACS 2016-2020
42009,42129,60,ACS 2016-2020
42009,42133,2,ACS 2016-2020
42009,EXTERNAL,1944,ACS 2016-2020
42011,42001,11,ACS 2016-2020
42011,42003,30,ACS 2016-2020
42011,42011,148163,ACS 2016-2020
42011,42013,31,ACS 2016-2020
42011,42017,1477,ACS 2016-2020
42011,42019,12,ACS 2016-2020
42011,42025,77,ACS 2016-2020
42011,42027,16,ACS 2016-2020
42011,42029,6604,ACS 2016-2020
42011,42039,13,ACS 2016-2020
42011,42041,281,ACS 2016-2020
42011,42043,1283,ACS 2016-2020
42011,42045,484,ACS 2016-2020
42011,42055,63,ACS 2016-2020
42011,42059,9,ACS 2016-2020
42011,42061,17,ACS 2016-2020
42011,42069,31,ACS 2016-2020
42011,42071,7485,ACS 2016-2020
42011,42073,123,ACS 2016-2020
42011,42075,3496,ACS 2016-2020
42011,42077,9599,ACS 2016-2020
42011,42079,148,ACS 2016-2020
42011,42081,24,ACS 2016-2020
42011,42087,39,ACS 2016-2020
42011,42089,24,ACS 2016-2020
42011,42091,15626,ACS 2016-2020
42011,42095,888,ACS 2016-2020
42011,42097,39,ACS 2016-2020
42011,42101,1613,ACS 2016-2020
42011,42107,1559,ACS 2016-2020
42011,42109,58,ACS 2016-2020
42011,42117,11,ACS 2016-2020
42011,42119,10,ACS 2016-2020
42011,42123,14,ACS 2016-2020
42011,42125,41,ACS 2016-2020
42011,42133,366,ACS 2016-2020
42011,EXTERNAL,1960,ACS 2016-2020
42013,42001,9,ACS 2016-2020
42013,42003,114,ACS 2016-2020
42013,42009,969,ACS 2016-2020
42013,42011,3,ACS 2016-2020
42013,42013,47222,ACS 2016-2020
42013,42017,13,ACS 2016-2020
42013,42019,5,ACS 2016-2020
42013,42021,1294,ACS 2016-2020
42013,42027,2620,ACS 2016-2020
42013,42029,8,ACS 2016-2020
42013,42031,17,ACS 2016-2020
42013,42033,427,ACS 2016-2020
42013,42035,68,ACS 2016-2020
42013,42041,85,ACS 2016-2020
42013,42043,103,ACS 2016-2020
42013,42047,15,ACS 2016-2020
42013,42049,27,ACS 2016-2020
42013,42055,31,ACS 2016-2020
42013,42057,13,ACS 2016-2020
42013,42061,1011,ACS 2016-2020
42013,42063,61,ACS 2016-2020
42013,42065,72,ACS 2016-2020
42013,42071,32,ACS 2016-2020
42013,42077,39,ACS 2016-2020
42013,42079,4,ACS 2016-2020
42013,42081,11,ACS 2016-2020
42013,42087,32,ACS 2016-2020
42013,42089,10,ACS 2016-2020
42013,42091,148,ACS 2016-2020
42013,42093,18,ACS 2016-2020
42013,42097,4,ACS 2016-2020
42013,42101,4,ACS 2016-2020
42013,42111,52,ACS 2016-2020
42013,42119,4,ACS 2016-2020
42013,42129,86,ACS 2016-2020
42013,42133,115,ACS 2016-2020
42013,EXTERNAL,479,ACS 2016-2020
42015,42009,2,ACS 2016-2020
42015,42011,5,ACS 2016-2020
42015,42015,19990,ACS 2016-2020
42015,42017,8,ACS 2016-2020
42015,42027,12,ACS 2016-2020
42015,42035,11,ACS 2016-2020
42015,42037,23,ACS 2016-2020
42015,42041,13,ACS 2016-2020
42015,42043,6,ACS 2016-2020
42015,42045,26,ACS 2016-2020
42015,42051,3,ACS 2016-2020
42015,42055,2,ACS 2016-2020
42015,42069,119,ACS 2016-2020
42015,42071,11,ACS 2016-2020
42015,42077,4,ACS 2016-2020
42015,42079,18,ACS 2016-2020
42015,42081,228,ACS 2016-2020
42015,42091,16,ACS 2016-2020
42015,42097,4,ACS 2016-2020
42015,42101,17,ACS 2016-2020
42015,42103,2,ACS 2016-2020
42015,42105,4,ACS 2016-2020
42015,42107,3,ACS 2016-2020
42015,42113,310,ACS 2016-2020
42015,42115,143,ACS 2016-2020
42015,42117,417,ACS 2016-2020
42015,42125,6,ACS 2016-2020
42015,42127,4,ACS 2016-2020
42015,42131,903,ACS 2016-2020
42015,42133,5,ACS 2016-2020
42015,EXTERNAL,3857,ACS 2016-2020
42017,42001,14,ACS 2016-2020
42017,42003,78,ACS 2016-2020
42017,42011,470,ACS 2016-2020
42017,42013,1,ACS 2016-2020
42017,42015,9,ACS 2016-2020
42017,42017,187477,ACS 2016-2020
42017,42021,10,ACS 2016-2020
42017,42025,23,ACS 2016-2020
42017,42029,2979,ACS 2016-2020
42017,42031,29,ACS 2016-2020
42017,42033,8,ACS 2016-2020
42017,42037,13,ACS 2016-2020
42017,42041,47,ACS 2016-2020
42017,42043,119,ACS 2016-2020
42017,42045,2533,ACS 2016-2020
42017,42047,5,ACS 2016-2020
42017,42055,58,ACS 2016-2020
42017,42061,7,ACS 2016-2020
42017,42063,36,ACS 2016-2020
42017,42065,1,ACS 2016-2020
42017,42069,34,ACS 2016-2020
42017,42071,161,ACS 2016-2020
42017,42075,12,ACS 2016-2020
42017,42077,4232,ACS 2016-2020
42017,42079,13,ACS 2016-2020
42017,42081,39,ACS 2016-2020
42017,42085,31,ACS 2016-2020
42017,42089,143,ACS 2016-2020
42017,42091,48358,ACS 2016-2020
42017,42095,1428,ACS 2016-2020
42017,42101,36475,ACS 2016-2020
42017,42107,32,ACS 2016-2020
42017,42115,16,ACS 2016-2020
42017,42117,12,ACS 2016-2020
42017,42123,15,ACS 2016-2020
42017,42127,68,ACS 2016-2020
42017,42129,46,ACS 2016-2020
42017,42133,11,ACS 2016-2020
42017,EXTERNAL,42301,ACS 2016-2020
42019,42001,7,ACS 2016-2020
42019,42003,23993,ACS 2016-2020
42019,42005,927,ACS 2016-2020
42019,42007,1883,ACS 2016-2020
42019,42011,5,ACS 2016-2020
42019,42013,16,ACS 2016-2020
42019,42015,7,ACS 2016-2020
42019,42017,1,ACS 2016-2020
42019,42019,58122,ACS 2016-2020
42019,42021,3,ACS 2016-2020
42019,42027,9,ACS 2016-2020
42019,42029,2,ACS 2016-2020
42019,42031,246,ACS 2016-2020
42019,42033,8,ACS 2016-2020
42019,42039,121,ACS 2016-2020
42019,42041,15,ACS 2016-2020
42019,42043,3,ACS 2016-2020
42019,42045,9,ACS 2016-2020
42019,42049,94,ACS 2016-2020
42019,42051,69,ACS 2016-2020
42019,42059,51,ACS 2016-2020
42019,42061,18,ACS 2016-2020
42019,42063,127,ACS 2016-2020
42019,42065,32,ACS 2016-2020
42019,42073,1172,ACS 2016-2020
42019,42079,137,ACS 2016-2020
42019,42085,1906,ACS 2016-2020
42019,42091,4,ACS 2016-2020
42019,42095,7,ACS 2016-2020
42019,42101,24,ACS 2016-2020
42019,42111,23,ACS 2016-2020
42019,42115,17,ACS 2016-2020
42019,42117,1,ACS 2016-2020
42019,42121,286,ACS 2016-2020
42019,42123,5,ACS 2016-2020
42019,42125,607,ACS 2016-2020
42019,42129,764,ACS 2016-2020
42019,EXTERNAL,851,ACS 2016-2020
42021,42001,8,ACS 2016-2020
42021,42003,447,ACS 2016-2020
42021,42005,24,ACS 2016-2020
42021,42007,14,ACS 2016-2020
42021,42009,454,ACS 2016-2020
42021,42011,13,ACS 2016-2020
42021,42013,5594,ACS 2016-2020
42021,42015,5,ACS 2016-2020
42021,42017,13,ACS 2016-2020
42021,42019,27,ACS 2016-2020
42021,42021,41522,ACS 2016-2020
42021,42027,481,ACS 2016-2020
42021,42031,4,ACS 2016-2020
42021,42033,443,ACS 2016-2020
42021,42035,61,ACS 2016-2020
42021,42041,134,ACS 2016-2020
42021,42043,61,ACS 2016-2020
42021,42049,3,ACS 2016-2020
42021,42051,19,ACS 2016-2020
42021,42055,21,ACS 2016-2020
42021,42057,3,ACS 2016-2020
42021,42061,139,ACS 2016-2020
42021,42063,1878,ACS 2016-2020
42021,42065,35,ACS 2016-2020
42021,42071,7,ACS 2016-2020
42021,42077,13,ACS 2016-2020
42021,42081,4,ACS 2016-2020
42021,42085,63,ACS 2016-2020
42021,42087,2,ACS 2016-2020
42021,42091,37,ACS 2016-2020
42021,42111,2668,ACS 2016-2020
42021,42113,2,ACS 2016-2020
42021,42115,22,ACS 2016-2020
42021,42119,27,ACS 2016-2020
42021,42125,6,ACS 2016-2020
42021,42129,1119,ACS 2016-2020
42021,42133,9,ACS 2016-2020
42021,EXTERNAL,412,ACS 2016-2020
42023,42017,2,ACS 2016-2020
42023,42023,1415,ACS 2016-2020
42023,42027,8,ACS 2016-2020
42023,42033,4,ACS 2016-2020
42023,42047,294,ACS 2016-2020
42023,42049,17,ACS 2016-2020
42023,42059,6,ACS 2016-2020
42023,42065,10,ACS 2016-2020
42023,42083,15,ACS 2016-2020
42023,42095,1,ACS 2016-2020
42023,42105,64,ACS 2016-2020
42023,42123,5,ACS 2016-2020
42023,42125,15,ACS 2016-2020
42023,EXTERNAL,2,ACS 2016-2020
42025,42007,2,ACS 2016-2020
42025,42011,460,ACS 2016-2020
42025,42017,185,ACS 2016-2020
42025,42019,4,ACS 2016-2020
42025,42025,12264,ACS 2016-2020
42025,42029,98,ACS 2016-2020
42025,42037,24,ACS 2016-2020
42025,42041,5,ACS 2016-2020
42025,42043,76,ACS 2016-2020
42025,42045,7,ACS 2016-2020
42025,42069,179,ACS 2016-2020
42025,42071,73,ACS 2016-2020
42025,42075,23,ACS 2016-2020
42025,42077,6155,ACS 2016-2020
42025,42079,3595,ACS 2016-2020
42025,42089,1248,ACS 2016-2020
42025,42091,426,ACS 2016-2020
42025,42093,21,ACS 2016-2020
42025,42095,2534,ACS 2016-2020
42025,42097,10,ACS 2016-2020
42025,42101,112,ACS 2016-2020
42025,42103,22,ACS 2016-2020
42025,42107,1517,ACS 2016-2020
42025,42131,7,ACS 2016-2020
42025,42133,5,ACS 2016-2020
42025,EXTERNAL,872,ACS 2016-2020
42027,42001,9,ACS 2016-2020
42027,42003,62,ACS 2016-2020
42027,42007,17,ACS 2016-2020
42027,42011,27,ACS 2016-2020
42027,42013,978,ACS 2016-2020
42027,42017,38,ACS 2016-2020
42027,42021,113,ACS 2016-2020
42027,42027,68322,ACS 2016-2020
42027,42029,69,ACS 2016-2020
42027,42033,1239,ACS 2016-2020
42027,42035,1244,ACS 2016-2020
42027,42037,11,ACS 2016-2020
42027,42041,105,ACS 2016-2020
42027,42043,265,ACS 2016-2020
42027,42047,7,ACS 2016-2020
42027,42049,62,ACS 2016-2020
42027,42051,3,ACS 2016-2020
42027,42055,2,ACS 2016-2020
42027,42061,335,ACS 2016-2020
42027,42063,2,ACS 2016-2020
42027,42065,8,ACS 2016-2020
42027,42067,6,ACS 2016-2020
42027,42069,13,ACS 2016-2020
42027,42071,5,ACS 2016-2020
42027,42077,14,ACS 2016-2020
42027,42079,14,ACS 2016-2020
42027,42081,232,ACS 2016-2020
42027,42083,13,ACS 2016-2020
42027,42087,559,ACS 2016-2020
42027,42091,64,ACS 2016-2020
42027,42093,55,ACS 2016-2020
42027,42095,2,ACS 2016-2020
42027,42097,46,ACS 2016-2020
42027,42099,1,ACS 2016-2020
42027,42101,9,ACS 2016-2020
42027,42109,62,ACS 2016-2020
42027,42111,18,ACS 2016-2020
42027,42115,3,ACS 2016-2020
42027,42119,177,ACS 2016-2020
42027,42129,28,ACS 2016-2020
42027,42133,76,ACS 2016-2020
42027,EXTERNAL,1228,ACS 2016-2020
42029,42001,47,ACS 2016-2020
42029,42003,78,ACS 2016-2020
42029,42011,2837,ACS 2016-2020
42029,42015,22,ACS 2016-2020
42029,42017,1164,ACS 2016-2020
42029,42027,21,ACS 2016-2020
42029,42029,173369,ACS 2016-2020
42029,42037,8,ACS 2016-2020
42029,42039,25,ACS 2016-2020
42029,42041,41,ACS 2016-2020
42029,42043,244,ACS 2016-2020
42029,42045,20405,ACS 2016-2020
42029,42055,8,ACS 2016-2020
42029,42061,135,ACS 2016-2020
42029,42063,27,ACS 2016-2020
42029,42069,12,ACS 2016-2020
42029,42071,4274,ACS 2016-2020
42029,42075,221,ACS 2016-2020
42029,42077,415,ACS 2016-2020
42029,42079,51,ACS 2016-2020
42029,42081,6,ACS 2016-2020
42029,42085,8,ACS 2016-2020
42029,42089,12,ACS 2016-2020
42029,42091,31522,ACS 2016-2020
42029,42095,75,ACS 2016-2020
42029,42097,45,ACS 2016-2020
42029,42101,11388,ACS 2016-2020
42029,42103,12,ACS 2016-2020
42029,42107,56,ACS 2016-2020
42029,42109,10,ACS 2016-2020
42029,42115,10,ACS 2016-2020
42029,42117,23,ACS 2016-2020
42029,42121,50,ACS 2016-2020
42029,42125,25,ACS 2016-2020
42029,42129,8,ACS 2016-2020
42029,42133,141,ACS 2016-2020
42029,EXTERNAL,21569,ACS 2016-2020
42031,42003,254,ACS 2016-2020
42031,42005,328,ACS 2016-2020
42031,42007,30,ACS 2016-2020
42031,42011,2,ACS 2016-2020
42031,42017,1,ACS 2016-2020
42031,42019,1002,ACS 2016-2020
42031,42021,32,ACS 2016-2020
42031,42027,7,ACS 2016-2020
42031,42029,1,ACS 2016-2020
42031,42031,12155,ACS 2016-2020
42031,42033,191,ACS 2016-2020
42031,42035,9,ACS 2016-2020
42031,42039,47,ACS 2016-2020
42031,42041,3,ACS 2016-2020
42031,42043,11,ACS 2016-2020
42031,42047,27,ACS 2016-2020
42031,42049,29,ACS 2016-2020
42031,42051,6,ACS 2016-2020
42031,42053,370,ACS 2016-2020
42031,42055,3,ACS 2016-2020
42031,42059,6,ACS 2016-2020
42031,42063,58,ACS 2016-2020
42031,42065,1286,ACS 2016-2020
42031,42069,7,ACS 2016-2020
42031,42073,56,ACS 2016-2020
42031,42079,5,ACS 2016-2020
42031,42081,6,ACS 2016-2020
42031,42083,19,ACS 2016-2020
42031,42085,112,ACS 2016-2020
42031,42089,4,ACS 2016-2020
42031,42091,6,ACS 2016-2020
42031,42109,9,ACS 2016-2020
42031,42119,15,ACS 2016-2020
42031,42121,932,ACS 2016-2020
42031,42123,29,ACS 2016-2020
42031,42125,14,ACS 2016-2020
42031,42129,45,ACS 2016-2020
42031,EXTERNAL,157,ACS 2016-2020
42033,42001,3,ACS 2016-2020
42033,42003,156,ACS 2016-2020
42033,42005,20,ACS 2016-2020
42033,42007,4,ACS 2016-2020
42033,42009,6,ACS 2016-2020
42033,42011,5,ACS 2016-2020
42033,42013,966,ACS 2016-2020
42033,42015,2,ACS 2016-2020
42033,42017,25,ACS 2016-2020
42033,42019,22,ACS 2016-2020
42033,42021,437,ACS 2016-2020
42033,42023,14,ACS 2016-2020
42033,42027,4491,ACS 2016-2020
42033,42029,3,ACS 2016-2020
42033,42031,9,ACS 2016-2020
42033,42033,23635,ACS 2016-2020
42033,42035,48,ACS 2016-2020
42033,42041,26,ACS 2016-2020
42033,42043,118,ACS 2016-2020
42033,42047,419,ACS 2016-2020
42033,42049,16,ACS 2016-2020
42033,42051,36,ACS 2016-2020
42033,42053,23,ACS 2016-2020
42033,42059,10,ACS 2016-2020
42033,42061,27,ACS 2016-2020
42033,42063,272,ACS 2016-2020
42033,42065,1712,ACS 2016-2020
42033,42067,15,ACS 2016-2020
42033,42071,8,ACS 2016-2020
42033,42073,13,ACS 2016-2020
42033,42077,19,ACS 2016-2020
42033,42079,26,ACS 2016-2020
42033,42081,48,ACS 2016-2020
42033,42083,3,ACS 2016-2020
42033,42085,44,ACS 2016-2020
42033,42087,56,ACS 2016-2020
42033,42089,5,ACS 2016-2020
42033,42091,14,ACS 2016-2020
42033,42093,80,ACS 2016-2020
42033,42095,2,ACS 2016-2020
42033,42097,32,ACS 2016-2020
42033,42101,22,ACS 2016-2020
42033,42105,6,ACS 2016-2020
42033,42107,3,ACS 2016-2020
42033,42111,5,ACS 2016-2020
42033,42119,4,ACS 2016-2020
42033,42123,8,ACS 2016-2020
42033,42125,71,ACS 2016-2020
42033,42129,70,ACS 2016-2020
42033,42133,16,ACS 2016-2020
42033,EXTERNAL,221,ACS 2016-2020
42035,42001,30,ACS 2016-2020
42035,42003,64,ACS 2016-2020
42035,42011,42,ACS 2016-2020
42035,42013,7,ACS 2016-2020
42035,42015,3,ACS 2016-2020
42035,42017,15,ACS 2016-2020
42035,42019,2,ACS 2016-2020
42035,42021,1,ACS 2016-2020
42035,42023,6,ACS 2016-2020
42035,42027,1649,ACS 2016-2020
42035,42029,2,ACS 2016-2020
42035,42031,4,ACS 2016-2020
42035,42033,31,ACS 2016-2020
42035,42035,11504,ACS 2016-2020
42035,42037,5,ACS 2016-2020
42035,42043,47,ACS 2016-2020
42035,42047,2,ACS 2016-2020
42035,42051,16,ACS 2016-2020
42035,42061,8,ACS 2016-2020
42035,42069,7,ACS 2016-2020
42035,42071,10,ACS 2016-2020
42035,42075,8,ACS 2016-2020
42035,42077,3,ACS 2016-2020
42035,42079,12,ACS 2016-2020
42035,42081,2940,ACS 2016-2020
42035,42087,8,ACS 2016-2020
42035,42093,46,ACS 2016-2020
42035,42097,85,ACS 2016-2020
42035,42101,84,ACS 2016-2020
42035,42105,63,ACS 2016-2020
42035,42109,23,ACS 2016-2020
42035,42113,11,ACS 2016-2020
42035,42115,5,ACS 2016-2020
42035,42117,6,ACS 2016-2020
42035,42119,250,ACS 2016-2020
42035,42129,50,ACS 2016-2020
42035,42133,37,ACS 2016-2020
42035,EXTERNAL,305,ACS 2016-2020
42037,42003,48,ACS 2016-2020
42037,42011,69,ACS 2016-2020
42037,42015,4,ACS 2016-2020
42037,42021,14,ACS 2016-2020
42037,42025,23,ACS 2016-2020
42037,42027,6,ACS 2016-2020
42037,42029,19,ACS 2016-2020
42037,42033,2,ACS 2016-2020
42037,42035,13,ACS 2016-2020
42037,42037,20377,ACS 2016-2020
42037,42041,9,ACS 2016-2020
42037,42043,71,ACS 2016-2020
42037,42045,3,ACS 2016-2020
42037,42055,32,ACS 2016-2020
42037,42063,2,ACS 2016-2020
42037,42065,3,ACS 2016-2020
42037,42069,124,ACS 2016-2020
42037,42071,15,ACS 2016-2020
42037,42075,19,ACS 2016-2020
42037,42077,51,ACS 2016-2020
42037,42079,2858,ACS 2016-2020
42037,42081,567,ACS 2016-2020
42037,42089,35,ACS 2016-2020
42037,42091,31,ACS 2016-2020
42037,42093,3975,ACS 2016-2020
42037,42095,14,ACS 2016-2020
42037,42097,1065,ACS 2016-2020
42037,42101,50,ACS 2016-2020
42037,42107,426,ACS 2016-2020
42037,42109,101,ACS 2016-2020
42037,42111,3,ACS 2016-2020
42037,42113,48,ACS 2016-2020
42037,42117,3,ACS 2016-2020
42037,42119,266,ACS 2016-2020
42037,42129,8,ACS 2016-2020
42037,42131,21,ACS 2016-2020
42037,42133,11,ACS 2016-2020
42037,EXTERNAL,154,ACS 2016-2020
42039,42003,298,ACS 2016-2020
42039,42005,4,ACS 2016-2020
42039,42007,29,ACS 2016-2020
42039,42011,4,ACS 2016-2020
42039,42019,143,ACS 2016-2020
42039,42021,3,ACS 2016-2020
42039,42031,35,ACS 2016-2020
42039,42033,16,ACS 2016-2020
42039,42039,28409,ACS 2016-2020
42039,42041,3,ACS 2016-2020
42039,42043,32,ACS 2016-2020
42039,42047,11,ACS 2016-2020
42039,42049,4521,ACS 2016-2020
42039,42053,52,ACS 2016-2020
42039,42055,6,ACS 2016-2020
42039,42059,10,ACS 2016-2020
42039,42065,5,ACS 2016-2020
42039,42071,5,ACS 2016-2020
42039,42073,62,ACS 2016-2020
42039,42075,5,ACS 2016-2020
42039,42079,24,ACS 2016-2020
42039,42083,4,ACS 2016-2020
42039,42085,1274,ACS 2016-2020
42039,42091,9,ACS 2016-2020
42039,42095,5,ACS 2016-2020
42039,42121,938,ACS 2016-2020
42039,42123,135,ACS 2016-2020
42039,42125,17,ACS 2016-2020
42039,EXTERNAL,669,ACS 2016-2020
42041,42001,776,ACS 2016-2020
42041,42003,77,ACS 2016-2020
42041,42007,6,ACS 2016-2020
42041,42009,3,ACS 2016-2020
42041,42011,178,ACS 2016-2020
42041,42013,9,ACS 2016-2020
42041,42017,22,ACS 2016-2020
42041,42027,18,ACS 2016-2020
42041,42029,129,ACS 2016-2020
42041,42033,26,ACS 2016-2020
42041,42041,82488,ACS 2016-2020
42041,42043,25789,ACS 2016-2020
42041,42045,27,ACS 2016-2020
42041,42055,4636,ACS 2016-2020
42041,42057,44,ACS 2016-2020
42041,42061,30,ACS 2016-2020
42041,42063,8,ACS 2016-2020
42041,42067,40,ACS 2016-2020
42041,42069,29,ACS 2016-2020
42041,42071,905,ACS 2016-2020
42041,42073,41,ACS 2016-2020
42041,42075,503,ACS 2016-2020
42041,42077,95,ACS 2016-2020
42041,42079,79,ACS 2016-2020
42041,42081,16,ACS 2016-2020
42041,42085,42,ACS 2016-2020
42041,42087,69,ACS 2016-2020
42041,42091,180,ACS 2016-2020
42041,42095,10,ACS 2016-2020
42041,42097,12,ACS 2016-2020
42041,42099,583,ACS 2016-2020
42041,42101,86,ACS 2016-2020
42041,42111,23,ACS 2016-2020
42041,42119,66,ACS 2016-2020
42041,42125,51,ACS 2016-2020
42041,42133,5305,ACS 2016-2020
42041,EXTERNAL,2309,ACS 2016-2020
42043,42001,137,ACS 2016-2020
42043,42003,158,ACS 2016-2020
42043,42011,392,ACS 2016-2020
42043,42017,14,ACS 2016-2020
42043,42027,215,ACS 2016-2020
42043,42029,158,ACS 2016-2020
42043,42031,2,ACS 2016-2020
42043,42041,16528,ACS 2016-2020
42043,42043,104973,ACS 2016-2020
42043,42045,21,ACS 2016-2020
42043,42055,166,ACS 2016-2020
42043,42063,63,ACS 2016-2020
42043,42067,145,ACS 2016-2020
42043,42071,4262,ACS 2016-2020
42043,42075,2880,ACS 2016-2020
42043,42077,35,ACS 2016-2020
42043,42079,23,ACS 2016-2020
42043,42081,42,ACS 2016-2020
42043,42085,15,ACS 2016-2020
42043,42087,11,ACS 2016-2020
42043,42089,88,ACS 2016-2020
42043,42091,276,ACS 2016-2020
42043,42093,43,ACS 2016-2020
42043,42095,3,ACS 2016-2020
42043,42097,396,ACS 2016-2020
42043,42099,474,ACS 2016-2020
42043,42101,1107,ACS 2016-2020
42043,42107,851,ACS 2016-2020
42043,42109,131,ACS 2016-2020
42043,42115,19,ACS 2016-2020
42043,42117,5,ACS 2016-2020
42043,42119,84,ACS 2016-2020
42043,42125,8,ACS 2016-2020
42043,42133,2891,ACS 2016-2020
42043,EXTERNAL,1258,ACS 2016-2020
42045,42001,58,ACS 2016-2020
42045,42003,59,ACS 2016-2020
42045,42011,171,ACS 2016-2020
42045,42017,1923,ACS 2016-2020
42045,42027,31,ACS 2016-2020
42045,42029,18779,ACS 2016-2020
42045,42041,53,ACS 2016-2020
42045,42043,115,ACS 2016-2020
42045,42045,142246,ACS 2016-2020
42045,42067,8,ACS 2016-2020
42045,42071,293,ACS 2016-2020
42045,42073,46,ACS 2016-2020
42045,42075,18,ACS 2016-2020
42045,42077,547,ACS 2016-2020
42045,42079,38,ACS 2016-2020
42045,42089,56,ACS 2016-2020
42045,42091,31783,ACS 2016-2020
42045,42095,46,ACS 2016-2020
42045,42097,92,ACS 2016-2020
42045,42101,57667,ACS 2016-2020
42045,42103,41,ACS 2016-2020
42045,42107,22,ACS 2016-2020
42045,42123,12,ACS 2016-2020
42045,42133,104,ACS 2016-2020
42045,EXTERNAL,19707,ACS 2016-2020
42047,42003,18,ACS 2016-2020
42047,42007,18,ACS 2016-2020
42047,42021,27,ACS 2016-2020
42047,42023,251,ACS 2016-2020
42047,42027,7,ACS 2016-2020
42047,42031,4,ACS 2016-2020
42047,42033,574,ACS 2016-2020
42047,42043,7,ACS 2016-2020
42047,42047,12861,ACS 2016-2020
42047,42053,56,ACS 2016-2020
42047,42055,38,ACS 2016-2020
42047,42065,505,ACS 2016-2020
42047,42083,499,ACS 2016-2020
42047,42119,8,ACS 2016-2020
42047,42121,3,ACS 2016-2020
42047,42123,40,ACS 2016-2020
42047,EXTERNAL,91,ACS 2016-2020
42049,42003,193,ACS 2016-2020
42049,42007,33,ACS 2016-2020
42049,42011,22,ACS 2016-2020
42049,42013,16,ACS 2016-2020
42049,42017,9,ACS 2016-2020
42049,42019,127,ACS 2016-2020
42049,42027,6,ACS 2016-2020
42049,42031,16,ACS 2016-2020
42049,42035,5,ACS 2016-2020
42049,42037,26,ACS 2016-2020
42049,42039,1582,ACS 2016-2020
42049,42043,1,ACS 2016-2020
42049,42049,118483,ACS 2016-2020
42049,42053,8,ACS 2016-2020
42049,42071,4,ACS 2016-2020
42049,42073,69,ACS 2016-2020
42049,42079,51,ACS 2016-2020
42049,42083,26,ACS 2016-2020
42049,42085,218,ACS 2016-2020
42049,42087,4,ACS 2016-2020
42049,42091,5,ACS 2016-2020
42049,42101,12,ACS 2016-2020
42049,42105,11,ACS 2016-2020
42049,42119,13,ACS 2016-2020
42049,42121,94,ACS 2016-2020
42049,42123,415,ACS 2016-2020
42049,42125,43,ACS 2016-2020
42049,42129,111,ACS 2016-2020
42049,EXTERNAL,2396,ACS 2016-2020
42051,42003,2891,ACS 2016-2020
42051,42005,27,ACS 2016-2020
42051,42007,62,ACS 2016-2020
42051,42011,10,ACS 2016-2020
42051,42019,104,ACS 2016-2020
42051,42021,35,ACS 2016-2020
42051,42037,8,ACS 2016-2020
42051,42041,26,ACS 2016-2020
42051,42051,33013,ACS 2016-2020
42051,42055,21,ACS 2016-2020
42051,42059,1918,ACS 2016-2020
42051,42063,128,ACS 2016-2020
42051,42065,43,ACS 2016-2020
42051,42075,6,ACS 2016-2020
42051,42083,17,ACS 2016-2020
42051,42105,8,ACS 2016-2020
42051,42107,41,ACS 2016-2020
42051,42111,480,ACS 2016-2020
42051,42117,2,ACS 2016-2020
42051,42125,3452,ACS 2016-2020
42051,42129,7761,ACS 2016-2020
42051,42133,26,ACS 2016-2020
42051,EXTERNAL,3672,ACS 2016-2020
42053,42003,11,ACS 2016-2020
42053,42019,7,ACS 2016-2020
42053,42027,3,ACS 2016-2020
42053,42031,128,ACS 2016-2020
42053,42033,7,ACS 2016-2020
42053,42039,50,ACS 2016-2020
42053,42047,3,ACS 2016-2020
42053,42049,9,ACS 2016-2020
42053,42053,806,ACS 2016-2020
42053,42063,8,ACS 2016-2020
42053,42065,44,ACS 2016-2020
42053,42083,14,ACS 2016-2020
42053,42085,15,ACS 2016-2020
42053,42121,50,ACS 2016-2020
42053,42123,180,ACS 2016-2020
42053,EXTERNAL,14,ACS 2016-2020
42055,42001,1649,ACS 2016-2020
42055,42003,3,ACS 2016-2020
42055,42007,3,ACS 2016-2020
42055,42009,3,ACS 2016-2020
42055,42011,3,ACS 2016-2020
42055,42013,10,ACS 2016-2020
42055,42027,24,ACS 2016-2020
42055,42041,5275,ACS 2016-2020
42055,42043,821,ACS 2016-2020
42055,42045,9,ACS 2016-2020
42055,42055,49715,ACS 2016-2020
42055,42057,291,ACS 2016-2020
42055,42061,32,ACS 2016-2020
42055,42067,10,ACS 2016-2020
42055,42071,211,ACS 2016-2020
42055,42075,8,ACS 2016-2020
42055,42081,4,ACS 2016-2020
42055,42085,8,ACS 2016-2020
42055,42091,33,ACS 2016-2020
42055,42097,12,ACS 2016-2020
42055,42099,4,ACS 2016-2020
42055,42101,54,ACS 2016-2020
42055,42109,19,ACS 2016-2020
42055,42111,2,ACS 2016-2020
42055,42133,565,ACS 2016-2020
42055,EXTERNAL,14190,ACS 2016-2020
42057,42001,3,ACS 2016-2020
42057,42003,5,ACS 2016-2020
42057,42009,251,ACS 2016-2020
42057,42011,4,ACS 2016-2020
42057,42013,18,ACS 2016-2020
42057,42017,3,ACS 2016-2020
42057,42021,9,ACS 2016-2020
42057,42027,2,ACS 2016-2020
42057,42041,99,ACS 2016-2020
42057,42043,40,ACS 2016-2020
42057,42051,3,ACS 2016-2020
42057,42055,1131,ACS 2016-2020
42057,42057,3475,ACS 2016-2020
42057,42061,88,ACS 2016-2020
42057,42071,4,ACS 2016-2020
42057,42077,13,ACS 2016-2020
42057,42087,3,ACS 2016-2020
42057,42091,4,ACS 2016-2020
42057,42095,5,ACS 2016-2020
42057,42097,3,ACS 2016-2020
42057,42133,10,ACS 2016-2020
42057,EXTERNAL,1588,ACS 2016-2020
42059,42003,305,ACS 2016-2020
42059,42007,57,ACS 2016-2020
42059,42019,16,ACS 2016-2020
42059,42021,5,ACS 2016-2020
42059,42027,3,ACS 2016-2020
42059,42029,4,ACS 2016-2020
42059,42039,14,ACS 2016-2020
42059,42045,9,ACS 2016-2020
42059,42051,621,ACS 2016-2020
42059,42059,7805,ACS 2016-2020
42059,42077,9,ACS 2016-2020
42059,42125,2064,ACS 2016-2020
42059,42127,17,ACS 2016-2020
42059,42129,240,ACS 2016-2020
42059,EXTERNAL,2391,ACS 2016-2020
42061,42001,51,ACS 2016-2020
42061,42003,18,ACS 2016-2020
42061,42009,329,ACS 2016-2020
42061,42011,10,ACS 2016-2020
42061,42013,1680,ACS 2016-2020
42061,42015,2,ACS 2016-2020
42061,42017,3,ACS 2016-2020
42061,42019,7,ACS 2016-2020
42061,42021,33,ACS 2016-2020
42061,42027,2081,ACS 2016-2020
42061,42029,2,ACS 2016-2020
42061,42031,2,ACS 2016-2020
42061,42033,28,ACS 2016-2020
42061,42035,29,ACS 2016-2020
42061,42041,157,ACS 2016-2020
42061,42043,110,ACS 2016-2020
42061,42049,16,ACS 2016-2020
42061,42055,468,ACS 2016-2020
42061,42057,650,ACS 2016-2020
42061,42061,10985,ACS 2016-2020
42061,42063,8,ACS 2016-2020
42061,42067,64,ACS 2016-2020
42061,42069,16,ACS 2016-2020
42061,42071,87,ACS 2016-2020
42061,42075,10,ACS 2016-2020
42061,42077,3,ACS 2016-2020
42061,42079,17,ACS 2016-2020
42061,42081,26,ACS 2016-2020
42061,42087,881,ACS 2016-2020
42061,42091,48,ACS 2016-2020
42061,42097,22,ACS 2016-2020
42061,42099,9,ACS 2016-2020
42061,42101,6,ACS 2016-2020
42061,42109,10,ACS 2016-2020
42061,42111,7,ACS 2016-2020
42061,42119,15,ACS 2016-2020
42061,42125,2,ACS 2016-2020
42061,42129,14,ACS 2016-2020
42061,42131,2,ACS 2016-2020
42061,42133,36,ACS 2016-2020
42061,EXTERNAL,376,ACS 2016-2020
42063,42001,2,ACS 2016-2020
42063,42003,814,ACS 2016-2020
42063,42005,769,ACS 2016-2020
42063,42007,25,ACS 2016-2020
42063,42009,7,ACS 2016-2020
42063,42011,24,ACS 2016-2020
42063,42013,351,ACS 2016-2020
42063,42015,12,ACS 2016-2020
42063,42017,12,ACS 2016-2020
42063,42019,258,ACS 2016-2020
42063,42021,1633,ACS 2016-2020
42063,42027,66,ACS 2016-2020
42063,42029,15,ACS 2016-2020
42063,42031,23,ACS 2016-2020
42063,42033,284,ACS 2016-2020
42063,42035,5,ACS 2016-2020
42063,42037,6,ACS 2016-2020
42063,42039,3,ACS 2016-2020
42063,42041,14,ACS 2016-2020
42063,42043,54,ACS 2016-2020
42063,42047,37,ACS 2016-2020
42063,42049,9,ACS 2016-2020
42063,42051,15,ACS 2016-2020
42063,42053,7,ACS 2016-2020
42063,42055,12,ACS 2016-2020
42063,42059,59,ACS 2016-2020
42063,42061,16,ACS 2016-2020
42063,42063,26218,ACS 2016-2020
42063,42065,983,ACS 2016-2020
42063,42069,5,ACS 2016-2020
42063,42079,3,ACS 2016-2020
42063,42083,7,ACS 2016-2020
42063,42085,4,ACS 2016-2020
42063,42091,74,ACS 2016-2020
42063,42097,8,ACS 2016-2020
42063,42101,4,ACS 2016-2020
42063,42107,3,ACS 2016-2020
42063,42111,139,ACS 2016-2020
42063,42117,3,ACS 2016-2020
42063,42123,6,ACS 2016-2020
42063,42125,41,ACS 2016-2020
42063,42129,3056,ACS 2016-2020
42063,EXTERNAL,429,ACS 2016-2020
42065,42003,154,ACS 2016-2020
42065,42005,121,ACS 2016-2020
42065,42007,4,ACS 2016-2020
42065,42013,77,ACS 2016-2020
42065,42019,40,ACS 2016-2020
42065,42021,55,ACS 2016-2020
42065,42027,110,ACS 2016-2020
42065,42031,658,ACS 2016-2020
42065,42033,3786,ACS 2016-2020
42065,42035,10,ACS 2016-2020
42065,42039,9,ACS 2016-2020
42065,42041,12,ACS 2016-2020
42065,42043,22,ACS 2016-2020
42065,42047,248,ACS 2016-2020
42065,42049,15,ACS 2016-2020
42065,42051,11,ACS 2016-2020
42065,42053,250,ACS 2016-2020
42065,42055,1,ACS 2016-2020
42065,42059,5,ACS 2016-2020
42065,42063,411,ACS 2016-2020
42065,42065,12769,ACS 2016-2020
42065,42073,7,ACS 2016-2020
42065,42075,10,ACS 2016-2020
42065,42081,16,ACS 2016-2020
42065,42083,63,ACS 2016-2020
42065,42085,13,ACS 2016-2020
42065,42091,10,ACS 2016-2020
42065,42095,1,ACS 2016-2020
42065,42111,3,ACS 2016-2020
42065,42121,62,ACS 2016-2020
42065,42123,6,ACS 2016-2020
42065,42125,55,ACS 2016-2020
42065,42129,120,ACS 2016-2020
42065,42131,6,ACS 2016-2020
42065,EXTERNAL,145,ACS 2016-2020
42067,42001,23,ACS 2016-2020
42067,42009,6,ACS 2016-2020
42067,42011,56,ACS 2016-2020
42067,42013,15,ACS 2016-2020
42067,42027,227,ACS 2016-2020
42067,42029,48,ACS 2016-2020
42067,42035,65,ACS 2016-2020
42067,42037,41,ACS 2016-2020
42067,42041,761,ACS 2016-2020
42067,42043,1337,ACS 2016-2020
42067,42051,1,ACS 2016-2020
42067,42055,34,ACS 2016-2020
42067,42057,62,ACS 2016-2020
42067,42061,86,ACS 2016-2020
42067,42067,5871,ACS 2016-2020
42067,42071,137,ACS 2016-2020
42067,42075,114,ACS 2016-2020
42067,42077,2,ACS 2016-2020
42067,42079,2,ACS 2016-2020
42067,42081,25,ACS 2016-2020
42067,42087,820,ACS 2016-2020
42067,42091,18,ACS 2016-2020
42067,42093,6,ACS 2016-2020
42067,42097,45,ACS 2016-2020
42067,42099,559,ACS 2016-2020
42067,42107,5,ACS 2016-2020
42067,42109,804,ACS 2016-2020
42067,42111,10,ACS 2016-2020
42067,42119,61,ACS 2016-2020
42067,42129,11,ACS 2016-2020
42067,42133,121,ACS 2016-2020
42067,EXTERNAL,38,ACS 2016-2020
42069,42003,28,ACS 2016-2020
42069,42007,1,ACS 2016-2020
42069,42011,39,ACS 2016-2020
42069,42013,11,ACS 2016-2020
42069,42015,21,ACS 2016-2020
42069,42017,13,ACS 2016-2020
42069,42021,24,ACS 2016-2020
42069,42025,115,ACS 2016-2020
42069,42027,35,ACS 2016-2020
42069,42029,12,ACS 2016-2020
42069,42035,30,ACS 2016-2020
42069,42037,180,ACS 2016-2020
42069,42041,65,ACS 2016-2020
42069,42043,147,ACS 2016-2020
42069,42045,28,ACS 2016-2020
42069,42055,9,ACS 2016-2020
42069,42069,75982,ACS 2016-2020
42069,42071,6,ACS 2016-2020
42069,42075,14,ACS 2016-2020
42069,42077,189,ACS 2016-2020
42069,42079,9796,ACS 2016-2020
42069,42081,24,ACS 2016-2020
42069,42089,3485,ACS 2016-2020
42069,42091,144,ACS 2016-2020
42069,42093,50,ACS 2016-2020
42069,42095,357,ACS 2016-2020
42069,42097,5,ACS 2016-2020
42069,42101,136,ACS 2016-2020
42069,42103,160,ACS 2016-2020
42069,42107,78,ACS 2016-2020
42069,42115,945,ACS 2016-2020
42069,42117,10,ACS 2016-2020
42069,42119,12,ACS 2016-2020
42069,42127,2413,ACS 2016-2020
42069,42131,1015,ACS 2016-2020
42069,42133,5,ACS 2016-2020
42069,EXTERNAL,1790,ACS 2016-2020
42071,42001,147,ACS 2016-2020
42071,42003,45,ACS 2016-2020
42071,42007,9,ACS 2016-2020
42071,42009,19,ACS 2016-2020
42071,42011,5264,ACS 2016-2020
42071,42015,10,ACS 2016-2020
42071,42017,245,ACS 2016-2020
42071,42021,22,ACS 2016-2020
42071,42027,41,ACS 2016-2020
42071,42029,7905,ACS 2016-2020
42071,42033,11,ACS 2016-2020
42071,42035,16,ACS 2016-2020
42071,42041,2107,ACS 2016-2020
42071,42043,9708,ACS 2016-2020
42071,42045,762,ACS 2016-2020
42071,42051,9,ACS 2016-2020
42071,42055,290,ACS 2016-2020
42071,42061,13,ACS 2016-2020
42071,42063,10,ACS 2016-2020
42071,42067,14,ACS 2016-2020
42071,42069,51,ACS 2016-2020
42071,42071,225291,ACS 2016-2020
42071,42073,14,ACS 2016-2020
42071,42075,3834,ACS 2016-2020
42071,42077,398,ACS 2016-2020
42071,42079,15,ACS 2016-2020
42071,42091,1084,ACS 2016-2020
42071,42095,89,ACS 2016-2020
42071,42097,24,ACS 2016-2020
42071,42099,36,ACS 2016-2020
42071,42101,847,ACS 2016-2020
42071,42107,44,ACS 2016-2020
42071,42109,9,ACS 2016-2020
42071,42125,5,ACS 2016-2020
42071,42127,25,ACS 2016-2020
42071,42129,27,ACS 2016-2020
42071,42131,44,ACS 2016-2020
42071,42133,6812,ACS 2016-2020
42071,EXTERNAL,3559,ACS 2016-2020
42073,42003,2202,ACS 2016-2020
42073,42005,10,ACS 2016-2020
42073,42007,3818,ACS 2016-2020
42073,42013,12,ACS 2016-2020
42073,42017,11,ACS 2016-2020
42073,42019,4251,ACS 2016-2020
42073,42037,1,ACS 2016-2020
42073,42039,8,ACS 2016-2020
42073,42049,53,ACS 2016-2020
42073,42051,10,ACS 2016-2020
42073,42063,10,ACS 2016-2020
42073,42069,5,ACS 2016-2020
42073,42073,23223,ACS 2016-2020
42073,42085,2746,ACS 2016-2020
42073,42087,3,ACS 2016-2020
42073,42091,11,ACS 2016-2020
42073,42093,26,ACS 2016-2020
42073,42117,10,ACS 2016-2020
42073,42121,38,ACS 2016-2020
42073,42125,101,ACS 2016-2020
42073,42129,43,ACS 2016-2020
42073,EXTERNAL,2232,ACS 2016-2020
42075,42011,2744,ACS 2016-2020
42075,42013,29,ACS 2016-2020
42075,42017,33,ACS 2016-2020
42075,42027,20,ACS 2016-2020
42075,42029,99,ACS 2016-2020
42075,42037,9,ACS 2016-2020
42075,42039,26,ACS 2016-2020
42075,42041,1164,ACS 2016-2020
42075,42043,13036,ACS 2016-2020
42075,42045,11,ACS 2016-2020
42075,42055,7,ACS 2016-2020
42075,42071,5155,ACS 2016-2020
42075,42075,42436,ACS 2016-2020
42075,42077,148,ACS 2016-2020
42075,42079,20,ACS 2016-2020
42075,42081,5,ACS 2016-2020
42075,42089,8,ACS 2016-2020
42075,42091,281,ACS 2016-2020
42075,42095,33,ACS 2016-2020
42075,42099,43,ACS 2016-2020
42075,42101,22,ACS 2016-2020
42075,42107,223,ACS 2016-2020
42075,42131,6,ACS 2016-2020
42075,42133,458,ACS 2016-2020
42075,EXTERNAL,470,ACS 2016-2020
42077,42003,29,ACS 2016-2020
42077,42005,20,ACS 2016-2020
42077,42009,12,ACS 2016-2020
42077,42011,4233,ACS 2016-2020
42077,42017,5114,ACS 2016-2020
42077,42025,676,ACS 2016-2020
42077,42027,11,ACS 2016-2020
42077,42029,720,ACS 2016-2020
42077,42035,45,ACS 2016-2020
42077,42037,5,ACS 2016-2020
42077,42041,66,ACS 2016-2020
42077,42043,235,ACS 2016-2020
42077,42045,231,ACS 2016-2020
42077,42067,23,ACS 2016-2020
42077,42069,83,ACS 2016-2020
42077,42071,115,ACS 2016-2020
42077,42075,98,ACS 2016-2020
42077,42077,123334,ACS 2016-2020
42077,42079,128,ACS 2016-2020
42077,42081,7,ACS 2016-2020
42077,42087,51,ACS 2016-2020
42077,42089,853,ACS 2016-2020
42077,42091,5042,ACS 2016-2020
42077,42095,26714,ACS 2016-2020
42077,42097,35,ACS 2016-2020
42077,42101,870,ACS 2016-2020
42077,42103,2,ACS 2016-2020
42077,42107,718,ACS 2016-2020
42077,42109,8,ACS 2016-2020
42077,42117,59,ACS 2016-2020
42077,42133,70,ACS 2016-2020
42077,EXTERNAL,6032,ACS 2016-2020
42079,42003,24,ACS 2016-2020
42079,42011,150,ACS 2016-2020
42079,42015,86,ACS 2016-2020
42079,42017,45,ACS 2016-2020
42079,42021,54,ACS 2016-2020
42079,42025,485,ACS 2016-2020
42079,42027,13,ACS 2016-2020
42079,42029,57,ACS 2016-2020
42079,42035,8,ACS 2016-2020
42079,42037,3503,ACS 2016-2020
42079,42041,35,ACS 2016-2020
42079,42043,146,ACS 2016-2020
42079,42045,52,ACS 2016-2020
42079,42047,8,ACS 2016-2020
42079,42049,9,ACS 2016-2020
42079,42055,8,ACS 2016-2020
42079,42061,25,ACS 2016-2020
42079,42069,9787,ACS 2016-2020
42079,42071,47,ACS 2016-2020
42079,42075,37,ACS 2016-2020
42079,42077,874,ACS 2016-2020
42079,42079,123466,ACS 2016-2020
42079,42081,68,ACS 2016-2020
42079,42085,6,ACS 2016-2020
42079,42089,1925,ACS 2016-2020
42079,42091,152,ACS 2016-2020
42079,42093,674,ACS 2016-2020
42079,42095,84,ACS 2016-2020
42079,42097,96,ACS 2016-2020
42079,42101,51,ACS 2016-2020
42079,42103,84,ACS 2016-2020
42079,42107,2279,ACS 2016-2020
42079,42109,48,ACS 2016-2020
42079,42113,27,ACS 2016-2020
42079,42115,73,ACS 2016-2020
42079,42117,19,ACS 2016-2020
42079,42123,22,ACS 2016-2020
42079,42125,14,ACS 2016-2020
42079,42127,346,ACS 2016-2020
42079,42129,24,ACS 2016-2020
42079,42131,1239,ACS 2016-2020
42079,42133,84,ACS 2016-2020
42079,EXTERNAL,1602,ACS 2016-2020
42081,42001,29,ACS 2016-2020
42081,42003,9,ACS 2016-2020
42081,42007,4,ACS 2016-2020
42081,42009,10,ACS 2016-2020
42081,42011,113,ACS 2016-2020
42081,42013,12,ACS 2016-2020
42081,42015,105,ACS 2016-2020
42081,42021,49,ACS 2016-2020
42081,42027,307,ACS 2016-2020
42081,42029,56,ACS 2016-2020
42081,42031,5,ACS 2016-2020
42081,42033,42,ACS 2016-2020
42081,42035,1798,ACS 2016-2020
42081,42037,395,ACS 2016-2020
42081,42039,17,ACS 2016-2020
42081,42041,14,ACS 2016-2020
42081,42043,57,ACS 2016-2020
42081,42051,8,ACS 2016-2020
42081,42055,5,ACS 2016-2020
42081,42069,49,ACS 2016-2020
42081,42071,169,ACS 2016-2020
42081,42075,31,ACS 2016-2020
42081,42077,43,ACS 2016-2020
42081,42079,95,ACS 2016-2020
42081,42081,43901,ACS 2016-2020
42081,42083,5,ACS 2016-2020
42081,42087,4,ACS 2016-2020
42081,42091,27,ACS 2016-2020
42081,42093,590,ACS 2016-2020
42081,42097,1144,ACS 2016-2020
42081,42101,10,ACS 2016-2020
42081,42105,8,ACS 2016-2020
42081,42107,13,ACS 2016-2020
42081,42109,69,ACS 2016-2020
42081,42113,253,ACS 2016-2020
42081,42115,11,ACS 2016-2020
42081,42117,457,ACS 2016-2020
42081,42119,1589,ACS 2016-2020
42081,42123,12,ACS 2016-2020
42081,42125,13,ACS 2016-2020
42081,42129,4,ACS 2016-2020
42081,42131,4,ACS 2016-2020
42081,42133,45,ACS 2016-2020
42081,EXTERNAL,426,ACS 2016-2020
42083,42003,1,ACS 2016-2020
42083,42015,5,ACS 2016-2020
42083,42021,3,ACS 2016-2020
42083,42023,222,ACS 2016-2020
42083,42027,15,ACS 2016-2020
42083,42031,24,ACS 2016-2020
42083,42033,39,ACS 2016-2020
42083,42037,6,ACS 2016-2020
42083,42039,12,ACS 2016-2020
42083,42043,9,ACS 2016-2020
42083,42047,584,ACS 2016-2020
42083,42049,32,ACS 2016-2020
42083,42051,3,ACS 2016-2020
42083,42053,108,ACS 2016-2020
42083,42063,28,ACS 2016-2020
42083,42065,9,ACS 2016-2020
42083,42071,4,ACS 2016-2020
42083,42077,20,ACS 2016-2020
42083,42081,69,ACS 2016-2020
42083,42083,13131,ACS 2016-2020
42083,42101,8,ACS 2016-2020
42083,42103,12,ACS 2016-2020
42083,42105,912,ACS 2016-2020
42083,42109,7,ACS 2016-2020
42083,42117,20,ACS 2016-2020
42083,42121,14,ACS 2016-2020
42083,42123,418,ACS 2016-2020
42083,42125,47,ACS 2016-2020
42083,42129,13,ACS 2016-2020
42083,EXTERNAL,1608,ACS 2016-2020
42085,42003,604,ACS 2016-2020
42085,42005,24,ACS 2016-2020
42085,42007,208,ACS 2016-2020
42085,42009,33,ACS 2016-2020
42085,42013,60,ACS 2016-2020
42085,42019,1844,ACS 2016-2020
42085,42021,3,ACS 2016-2020
42085,42029,1,ACS 2016-2020
42085,42031,88,ACS 2016-2020
42085,42033,24,ACS 2016-2020
42085,42039,1314,ACS 2016-2020
42085,42041,20,ACS 2016-2020
42085,42043,10,ACS 2016-2020
42085,42049,122,ACS 2016-2020
42085,42051,18,ACS 2016-2020
42085,42059,3,ACS 2016-2020
42085,42061,10,ACS 2016-2020
42085,42063,3,ACS 2016-2020
42085,42065,5,ACS 2016-2020
42085,42073,2231,ACS 2016-2020
42085,42079,3,ACS 2016-2020
42085,42085,36019,ACS 2016-2020
42085,42091,1,ACS 2016-2020
42085,42101,2,ACS 2016-2020
42085,42105,12,ACS 2016-2020
42085,42121,737,ACS 2016-2020
42085,42123,2,ACS 2016-2020
42085,42125,20,ACS 2016-2020
42085,42129,93,ACS 2016-2020
42085,EXTERNAL,3390,ACS 2016-2020
42087,42003,52,ACS 2016-2020
42087,42007,2,ACS 2016-2020
42087,42011,4,ACS 2016-2020
42087,42013,34,ACS 2016-2020
42087,42021,2,ACS 2016-2020
42087,42027,2037,ACS 2016-2020
42087,42033,15,ACS 2016-2020
42087,42035,28,ACS 2016-2020
42087,42041,290,ACS 2016-2020
42087,42043,349,ACS 2016-2020
42087,42055,28,ACS 2016-2020
42087,42057,21,ACS 2016-2020
42087,42061,1221,ACS 2016-2020
42087,42067,1098,ACS 2016-2020
42087,42071,65,ACS 2016-2020
42087,42075,42,ACS 2016-2020
42087,42087,15353,ACS 2016-2020
42087,42091,41,ACS 2016-2020
42087,42097,29,ACS 2016-2020
42087,42099,121,ACS 2016-2020
42087,42107,3,ACS 2016-2020
42087,42109,429,ACS 2016-2020
42087,42111,4,ACS 2016-2020
42087,42119,12,ACS 2016-2020
42087,42129,53,ACS 2016-2020
42087,42133,75,ACS 2016-2020
42087,EXTERNAL,216,ACS 2016-2020
42089,42011,192,ACS 2016-2020
42089,42017,91,ACS 2016-2020
42089,42025,492,ACS 2016-2020
42089,42029,110,ACS 2016-2020
42089,42037,33,ACS 2016-2020
42089,42039,67,ACS 2016-2020
42089,42041,315,ACS 2016-2020
42089,42043,18,ACS 2016-2020
42089,42045,6,ACS 2016-2020
42089,42069,1012,ACS 2016-2020
42089,42071,32,ACS 2016-2020
42089,42077,2639,ACS 2016-2020
42089,42079,867,ACS 2016-2020
42089,42089,49690,ACS 2016-2020
42089,42091,129,ACS 2016-2020
42089,42093,33,ACS 2016-2020
42089,42095,6948,ACS 2016-2020
42089,42101,35,ACS 2016-2020
42089,42103,306,ACS 2016-2020
42089,42107,16,ACS 2016-2020
42089,42109,8,ACS 2016-2020
42089,42111,32,ACS 2016-2020
42089,42127,512,ACS 2016-2020
42089,42131,71,ACS 2016-2020
42089,EXTERNAL,14939,ACS 2016-2020
42091,42001,46,ACS 2016-2020
42091,42003,57,ACS 2016-2020
42091,42007,9,ACS 2016-2020
42091,42009,6,ACS 2016-2020
42091,42011,4670,ACS 2016-2020
42091,42013,7,ACS 2016-2020
42091,42017,27496,ACS 2016-2020
42091,42025,8,ACS 2016-2020
42091,42027,29,ACS 2016-2020
42091,42029,27317,ACS 2016-2020
42091,42033,46,ACS 2016-2020
42091,42035,10,ACS 2016-2020
42091,42037,38,ACS 2016-2020
42091,42041,180,ACS 2016-2020
42091,42043,187,ACS 2016-2020
42091,42045,13282,ACS 2016-2020
42091,42049,23,ACS 2016-2020
42091,42055,20,ACS 2016-2020
42091,42061,18,ACS 2016-2020
42091,42069,15,ACS 2016-2020
42091,42071,597,ACS 2016-2020
42091,42075,113,ACS 2016-2020
42091,42077,3108,ACS 2016-2020
42091,42079,45,ACS 2016-2020
42091,42085,22,ACS 2016-2020
42091,42089,205,ACS 2016-2020
42091,42091,280578,ACS 2016-2020
42091,42095,930,ACS 2016-2020
42091,42097,25,ACS 2016-2020
42091,42101,55506,ACS 2016-2020
42091,42103,14,ACS 2016-2020
42091,42107,99,ACS 2016-2020
42091,42109,5,ACS 2016-2020
42091,42125,15,ACS 2016-2020
42091,42127,44,ACS 2016-2020
42091,42129,8,ACS 2016-2020
42091,42133,107,ACS 2016-2020
42091,EXTERNAL,12002,ACS 2016-2020
42093,42013,3,ACS 2016-2020
42093,42017,4,ACS 2016-2020
42093,42021,54,ACS 2016-2020
42093,42027,5,ACS 2016-2020
42093,42029,39,ACS 2016-2020
42093,42035,10,ACS 2016-2020
42093,42037,976,ACS 2016-2020
42093,42041,2,ACS 2016-2020
42093,42043,75,ACS 2016-2020
42093,42067,19,ACS 2016-2020
42093,42069,3,ACS 2016-2020
42093,42071,3,ACS 2016-2020
42093,42077,3,ACS 2016-2020
42093,42079,54,ACS 2016-2020
42093,42081,425,ACS 2016-2020
42093,42093,5129,ACS 2016-2020
42093,42097,1109,ACS 2016-2020
42093,42101,21,ACS 2016-2020
42093,42107,38,ACS 2016-2020
42093,42109,51,ACS 2016-2020
42093,42113,4,ACS 2016-2020
42093,42117,13,ACS 2016-2020
42093,42119,452,ACS 2016-2020
42093,42131,15,ACS 2016-2020
42093,42133,5,ACS 2016-2020
42093,EXTERNAL,114,ACS 2016-2020
42095,42003,23,ACS 2016-2020
42095,42007,16,ACS 2016-2020
42095,42011,669,ACS 2016-2020
42095,42017,2105,ACS 2016-2020
42095,42021,34,ACS 2016-2020
42095,42025,580,ACS 2016-2020
42095,42027,17,ACS 2016-2020
42095,42029,79,ACS 2016-2020
42095,42037,12,ACS 2016-2020
42095,42039,21,ACS 2016-2020
42095,42041,47,ACS 2016-2020
42095,42043,85,ACS 2016-2020
42095,42045,224,ACS 2016-2020
42095,42055,21,ACS 2016-2020
42095,42061,6,ACS 2016-2020
42095,42069,159,ACS 2016-2020
42095,42071,60,ACS 2016-2020
42095,42075,7,ACS 2016-2020
42095,42077,33845,ACS 2016-2020
42095,42079,88,ACS 2016-2020
42095,42081,26,ACS 2016-2020
42095,42089,3163,ACS 2016-2020
42095,42091,1830,ACS 2016-2020
42095,42093,14,ACS 2016-2020
42095,42095,85084,ACS 2016-2020
42095,42097,36,ACS 2016-2020
42095,42101,426,ACS 2016-2020
42095,42103,1,ACS 2016-2020
42095,42107,168,ACS 2016-2020
42095,42115,22,ACS 2016-2020
42095,42123,6,ACS 2016-2020
42095,42127,34,ACS 2016-2020
42095,42133,33,ACS 2016-2020
42095,EXTERNAL,19780,ACS 2016-2020
42097,42003,12,ACS 2016-2020
42097,42007,32,ACS 2016-2020
42097,42011,39,ACS 2016-2020
42097,42013,3,ACS 2016-2020
42097,42015,6,ACS 2016-2020
42097,42017,8,ACS 2016-2020
42097,42021,51,ACS 2016-2020
42097,42025,15,ACS 2016-2020
42097,42027,42,ACS 2016-2020
42097,42029,19,ACS 2016-2020
42097,42035,87,ACS 2016-2020
42097,42037,1185,ACS 2016-2020
42097,42039,5,ACS 2016-2020
42097,42041,160,ACS 2016-2020
42097,42043,1317,ACS 2016-2020
42097,42051,25,ACS 2016-2020
42097,42055,6,ACS 2016-2020
42097,42063,6,ACS 2016-2020
42097,42069,61,ACS 2016-2020
42097,42071,67,ACS 2016-2020
42097,42075,311,ACS 2016-2020
42097,42077,111,ACS 2016-2020
42097,42079,255,ACS 2016-2020
42097,42081,1923,ACS 2016-2020
42097,42083,2,ACS 2016-2020
42097,42089,41,ACS 2016-2020
42097,42091,15,ACS 2016-2020
42097,42093,4555,ACS 2016-2020
42097,42095,26,ACS 2016-2020
42097,42097,21178,ACS 2016-2020
42097,42099,4,ACS 2016-2020
42097,42101,2,ACS 2016-2020
42097,42103,5,ACS 2016-2020
42097,42107,2316,ACS 2016-2020
42097,42109,2447,ACS 2016-2020
42097,42117,14,ACS 2016-2020
42097,42119,4153,ACS 2016-2020
42097,42129,2,ACS 2016-2020
42097,42133,54,ACS 2016-2020
42097,EXTERNAL,80,ACS 2016-2020
42099,42001,69,ACS 2016-2020
42099,42011,7,ACS 2016-2020
42099,42013,2,ACS 2016-2020
42099,42017,6,ACS 2016-2020
42099,42021,6,ACS 2016-2020
42099,42025,5,ACS 2016-2020
42099,42027,29,ACS 2016-2020
42099,42029,27,ACS 2016-2020
42099,42033,5,ACS 2016-2020
42099,42035,11,ACS 2016-2020
42099,42041,6787,ACS 2016-2020
42099,42043,5894,ACS 2016-2020
42099,42045,2,ACS 2016-2020
42099,42055,61,ACS 2016-2020
42099,42061,4,ACS 2016-2020
42099,42063,6,ACS 2016-2020
42099,42067,263,ACS 2016-2020
42099,42069,12,ACS 2016-2020
42099,42071,181,ACS 2016-2020
42099,42075,101,ACS 2016-2020
42099,42077,66,ACS 2016-2020
42099,42081,23,ACS 2016-2020
42099,42087,28,ACS 2016-2020
42099,42091,3,ACS 2016-2020
42099,42093,21,ACS 2016-2020
42099,42095,6,ACS 2016-2020
42099,42097,39,ACS 2016-2020
42099,42099,8010,ACS 2016-2020
42099,42101,22,ACS 2016-2020
42099,42107,27,ACS 2016-2020
42099,42109,137,ACS 2016-2020
42099,42113,18,ACS 2016-2020
42099,42119,18,ACS 2016-2020
42099,42125,9,ACS 2016-2020
42099,42129,3,ACS 2016-2020
42099,42133,520,ACS 2016-2020
42099,EXTERNAL,194,ACS 2016-2020
42101,42001,10,ACS 2016-2020
42101,42003,75,ACS 2016-2020
42101,42007,18,ACS 2016-2020
42101,42009,20,ACS 2016-2020
42101,42011,207,ACS 2016-2020
42101,42017,28445,ACS 2016-2020
42101,42019,17,ACS 2016-2020
42101,42021,25,ACS 2016-2020
42101,42025,44,ACS 2016-2020
42101,42027,43,ACS 2016-2020
42101,42029,9183,ACS 2016-2020
42101,42033,8,ACS 2016-2020
42101,42041,88,ACS 2016-2020
42101,42043,53,ACS 2016-2020
42101,42045,19284,ACS 2016-2020
42101,42049,13,ACS 2016-2020
42101,42051,96,ACS 2016-2020
42101,42055,8,ACS 2016-2020
42101,42061,27,ACS 2016-2020
42101,42063,49,ACS 2016-2020
42101,42065,16,ACS 2016-2020
42101,42067,59,ACS 2016-2020
42101,42069,8,ACS 2016-2020
42101,42071,153,ACS 2016-2020
42101,42073,4,ACS 2016-2020
42101,42075,28,ACS 2016-2020
42101,42077,678,ACS 2016-2020
42101,42079,216,ACS 2016-2020
42101,42085,27,ACS 2016-2020
42101,42091,69761,ACS 2016-2020
42101,42093,59,ACS 2016-2020
42101,42095,157,ACS 2016-2020
42101,42097,140,ACS 2016-2020
42101,42101,521478,ACS 2016-2020
42101,42103,42,ACS 2016-2020
42101,42107,11,ACS 2016-2020
42101,42117,53,ACS 2016-2020
42101,42123,8,ACS 2016-2020
42101,42125,40,ACS 2016-2020
42101,42131,26,ACS 2016-2020
42101,EXTERNAL,42813,ACS 2016-2020
42103,42017,6,ACS 2016-2020
42103,42025,22,ACS 2016-2020
42103,42027,53,ACS 2016-2020
42103,42029,17,ACS 2016-2020
42103,42033,15,ACS 2016-2020
42103,42037,7,ACS 2016-2020
42103,42043,12,ACS 2016-2020
42103,42045,13,ACS 2016-2020
42103,42069,552,ACS 2016-2020
42103,42071,91,ACS 2016-2020
42103,42077,76,ACS 2016-2020
42103,42079,131,ACS 2016-2020
42103,42089,2128,ACS 2016-2020
42103,42091,7,ACS 2016-2020
42103,42095,196,ACS 2016-2020
42103,42101,25,ACS 2016-2020
42103,42103,9033,ACS 2016-2020
42103,42107,28,ACS 2016-2020
42103,42115,38,ACS 2016-2020
42103,42127,1487,ACS 2016-2020
42103,42133,8,ACS 2016-2020
42103,EXTERNAL,10517,ACS 2016-2020
42105,42003,17,ACS 2016-2020
42105,42013,2,ACS 2016-2020
42105,42015,2,ACS 2016-2020
42105,42021,2,ACS 2016-2020
42105,42023,120,ACS 2016-2020
42105,42027,2,ACS 2016-2020
42105,42031,2,ACS 2016-2020
42105,42033,2,ACS 2016-2020
42105,42035,7,ACS 2016-2020
42105,42037,6,ACS 2016-2020
42105,42041,7,ACS 2016-2020
42105,42043,9,ACS 2016-2020
42105,42047,67,ACS 2016-2020
42105,42051,2,ACS 2016-2020
42105,42071,15,ACS 2016-2020
42105,42075,2,ACS 2016-2020
42105,42079,6,ACS 2016-2020
42105,42081,15,ACS 2016-2020
42105,42083,320,ACS 2016-2020
42105,42085,16,ACS 2016-2020
42105,42089,1,ACS 2016-2020
42105,42091,9,ACS 2016-2020
42105,42095,1,ACS 2016-2020
42105,42101,7,ACS 2016-2020
42105,42105,4850,ACS 2016-2020
42105,42115,12,ACS 2016-2020
42105,42117,542,ACS 2016-2020
42105,42123,9,ACS 2016-2020
42105,42125,2,ACS 2016-2020
42105,EXTERNAL,742,ACS 2016-2020
42107,42001,7,ACS 2016-2020
42107,42003,26,ACS 2016-2020
42107,42011,4837,ACS 2016-2020
42107,42013,2,ACS 2016-2020
42107,42015,6,ACS 2016-2020
42107,42017,111,ACS 2016-2020
42107,42021,6,ACS 2016-2020
42107,42025,1573,ACS 2016-2020
42107,42027,11,ACS 2016-2020
42107,42029,81,ACS 2016-2020
42107,42037,191,ACS 2016-2020
42107,42041,194,ACS 2016-2020
42107,42043,2373,ACS 2016-2020
42107,42045,12,ACS 2016-2020
42107,42055,7,ACS 2016-2020
42107,42067,15,ACS 2016-2020
42107,42069,89,ACS 2016-2020
42107,42071,224,ACS 2016-2020
42107,42075,1427,ACS 2016-2020
42107,42077,1851,ACS 2016-2020
42107,42079,4355,ACS 2016-2020
42107,42081,15,ACS 2016-2020
42107,42089,98,ACS 2016-2020
42107,42091,177,ACS 2016-2020
42107,42093,196,ACS 2016-2020
42107,42095,578,ACS 2016-2020
42107,42097,691,ACS 2016-2020
42107,42099,21,ACS 2016-2020
42107,42101,148,ACS 2016-2020
42107,42107,42407,ACS 2016-2020
42107,42109,49,ACS 2016-2020
42107,42115,21,ACS 2016-2020
42107,42127,42,ACS 2016-2020
42107,42129,22,ACS 2016-2020
42107,42131,5,ACS 2016-2020
42107,42133,110,ACS 2016-2020
42107,EXTERNAL,479,ACS 2016-2020
42109,42003,7,ACS 2016-2020
42109,42011,19,ACS 2016-2020
42109,42013,7,ACS 2016-2020
42109,42015,15,ACS 2016-2020
42109,42021,7,ACS 2016-2020
42109,42025,4,ACS 2016-2020
42109,42027,81,ACS 2016-2020
42109,42033,8,ACS 2016-2020
42109,42035,14,ACS 2016-2020
42109,42037,113,ACS 2016-2020
42109,42041,214,ACS 2016-2020
42109,42043,441,ACS 2016-2020
42109,42045,18,ACS 2016-2020
42109,42055,7,ACS 2016-2020
42109,42061,7,ACS 2016-2020
42109,42067,434,ACS 2016-2020
42109,42071,47,ACS 2016-2020
42109,42075,62,ACS 2016-2020
42109,42079,8,ACS 2016-2020
42109,42081,200,ACS 2016-2020
42109,42087,256,ACS 2016-2020
42109,42091,16,ACS 2016-2020
42109,42093,592,ACS 2016-2020
42109,42097,2019,ACS 2016-2020
42109,42099,258,ACS 2016-2020
42109,42101,2,ACS 2016-2020
42109,42105,3,ACS 2016-2020
42109,42107,69,ACS 2016-2020
42109,42109,12225,ACS 2016-2020
42109,42113,4,ACS 2016-2020
42109,42119,2341,ACS 2016-2020
42109,42127,1,ACS 2016-2020
42109,42129,18,ACS 2016-2020
42109,42133,23,ACS 2016-2020
42109,EXTERNAL,68,ACS 2016-2020
42111,42003,366,ACS 2016-2020
42111,42007,8,ACS 2016-2020
42111,42009,295,ACS 2016-2020
42111,42011,3,ACS 2016-2020
42111,42013,251,ACS 2016-2020
42111,42015,4,ACS 2016-2020
42111,42019,5,ACS 2016-2020
42111,42021,5161,ACS 2016-2020
42111,42027,10,ACS 2016-2020
42111,42029,10,ACS 2016-2020
42111,42033,1,ACS 2016-2020
42111,42041,13,ACS 2016-2020
42111,42043,39,ACS 2016-2020
42111,42051,365,ACS 2016-2020
42111,42053,6,ACS 2016-2020
42111,42055,21,ACS 2016-2020
42111,42059,15,ACS 2016-2020
42111,42061,15,ACS 2016-2020
42111,42063,142,ACS 2016-2020
42111,42071,106,ACS 2016-2020
42111,42075,5,ACS 2016-2020
42111,42077,6,ACS 2016-2020
42111,42085,11,ACS 2016-2020
42111,42087,3,ACS 2016-2020
42111,42089,2,ACS 2016-2020
42111,42091,2,ACS 2016-2020
42111,42095,3,ACS 2016-2020
42111,42097,2,ACS 2016-2020
42111,42101,9,ACS 2016-2020
42111,42111,21784,ACS 2016-2020
42111,42125,62,ACS 2016-2020
42111,42129,1093,ACS 2016-2020
42111,42133,3,ACS 2016-2020
42111,EXTERNAL,2221,ACS 2016-2020
42113,42003,6,ACS 2016-2020
42113,42011,2,ACS 2016-2020
42113,42015,429,ACS 2016-2020
42113,42017,2,ACS 2016-2020
42113,42029,2,ACS 2016-2020
42113,42037,89,ACS 2016-2020
42113,42043,7,ACS 2016-2020
42113,42045,1,ACS 2016-2020
42113,42069,2,ACS 2016-2020
42113,42071,1,ACS 2016-2020
42113,42079,25,ACS 2016-2020
42113,42081,285,ACS 2016-2020
42113,42089,8,ACS 2016-2020
42113,42091,9,ACS 2016-2020
42113,42093,1,ACS 2016-2020
42113,42097,32,ACS 2016-2020
42113,42101,26,ACS 2016-2020
42113,42113,1534,ACS 2016-2020
42113,42117,16,ACS 2016-2020
42113,42119,16,ACS 2016-2020
42113,42125,14,ACS 2016-2020
42113,42131,163,ACS 2016-2020
42113,42133,3,ACS 2016-2020
42113,EXTERNAL,27,ACS 2016-2020
42115,42011,3,ACS 2016-2020
42115,42015,256,ACS 2016-2020
42115,42017,23,ACS 2016-2020
42115,42027,3,ACS 2016-2020
42115,42035,10,ACS 2016-2020
42115,42041,5,ACS 2016-2020
42115,42043,7,ACS 2016-2020
42115,42045,9,ACS 2016-2020
42115,42051,5,ACS 2016-2020
42115,42059,6,ACS 2016-2020
42115,42069,2032,ACS 2016-2020
42115,42077,15,ACS 2016-2020
42115,42079,291,ACS 2016-2020
42115,42081,9,ACS 2016-2020
42115,42089,88,ACS 2016-2020
42115,42091,35,ACS 2016-2020
42115,42101,5,ACS 2016-2020
42115,42103,17,ACS 2016-2020
42115,42115,9179,ACS 2016-2020
42115,42117,16,ACS 2016-2020
42115,42127,374,ACS 2016-2020
42115,42131,1603,ACS 2016-2020
42115,EXTERNAL,3504,ACS 2016-2020
42117,42003,12,ACS 2016-2020
42117,42005,5,ACS 2016-2020
42117,42011,8,ACS 2016-2020
42117,42015,579,ACS 2016-2020
42117,42017,6,ACS 2016-2020
42117,42025,1,ACS 2016-2020
42117,42027,27,ACS 2016-2020
42117,42031,5,ACS 2016-2020
42117,42035,7,ACS 2016-2020
42117,42037,5,ACS 2016-2020
42117,42041,8,ACS 2016-2020
42117,42043,20,ACS 2016-2020
42117,42047,6,ACS 2016-2020
42117,42065,3,ACS 2016-2020
42117,42069,18,ACS 2016-2020
42117,42071,8,ACS 2016-2020
42117,42077,23,ACS 2016-2020
42117,42079,19,ACS 2016-2020
42117,42081,712,ACS 2016-2020
42117,42083,5,ACS 2016-2020
42117,42091,15,ACS 2016-2020
42117,42093,15,ACS 2016-2020
42117,42097,21,ACS 2016-2020
42117,42101,3,ACS 2016-2020
42117,42105,396,ACS 2016-2020
42117,42107,6,ACS 2016-2020
42117,42113,7,ACS 2016-2020
42117,42115,13,ACS 2016-2020
42117,42117,13404,ACS 2016-2020
42117,42125,2,ACS 2016-2020
42117,42133,20,ACS 2016-2020
42117,EXTERNAL,2415,ACS 2016-2020
42119,42003,2,ACS 2016-2020
42119,42009,4,ACS 2016-2020
42119,42011,1,ACS 2016-2020
42119,42015,6,ACS 2016-2020
42119,42017,24,ACS 2016-2020
42119,42027,142,ACS 2016-2020
42119,42029,2,ACS 2016-2020
42119,42035,21,ACS 2016-2020
42119,42037,265,ACS 2016-2020
42119,42041,39,ACS 2016-2020
42119,42043,122,ACS 2016-2020
42119,42045,8,ACS 2016-2020
42119,42067,48,ACS 2016-2020
42119,42071,40,ACS 2016-2020
42119,42077,10,ACS 2016-2020
42119,42079,17,ACS 2016-2020
42119,42081,1219,ACS 2016-2020
42119,42087,15,ACS 2016-2020
42119,42093,567,ACS 2016-2020
42119,42095,45,ACS 2016-2020
42119,42097,2454,ACS 2016-2020
42119,42099,52,ACS 2016-2020
42119,42107,38,ACS 2016-2020
42119,42109,1305,ACS 2016-2020
42119,42119,10976,ACS 2016-2020
42119,EXTERNAL,96,ACS 2016-2020
42121,42003,231,ACS 2016-2020
42121,42005,17,ACS 2016-2020
42121,42007,23,ACS 2016-2020
42121,42013,33,ACS 2016-2020
42121,42017,18,ACS 2016-2020
42121,42019,987,ACS 2016-2020
42121,42021,3,ACS 2016-2020
42121,42031,745,ACS 2016-2020
42121,42033,36,ACS 2016-2020
42121,42037,16,ACS 2016-2020
42121,42039,1739,ACS 2016-2020
42121,42041,5,ACS 2016-2020
42121,42043,11,ACS 2016-2020
42121,42047,2,ACS 2016-2020
42121,42049,189,ACS 2016-2020
42121,42053,234,ACS 2016-2020
42121,42065,26,ACS 2016-2020
42121,42069,9,ACS 2016-2020
42121,42073,110,ACS 2016-2020
42121,42081,24,ACS 2016-2020
42121,42083,9,ACS 2016-2020
42121,42085,1053,ACS 2016-2020
42121,42091,9,ACS 2016-2020
42121,42105,2,ACS 2016-2020
42121,42121,16137,ACS 2016-2020
42121,42123,116,ACS 2016-2020
42121,42125,20,ACS 2016-2020
42121,42129,20,ACS 2016-2020
42121,42133,2,ACS 2016-2020
42121,EXTERNAL,145,ACS 2016-2020
42123,42001,13,ACS 2016-2020
42123,42003,83,ACS 2016-2020
42123,42015,7,ACS 2016-2020
42123,42019,21,ACS 2016-2020
42123,42039,168,ACS 2016-2020
42123,42041,7,ACS 2016-2020
42123,42043,7,ACS 2016-2020
42123,42047,2,ACS 2016-2020
42123,42049,1096,ACS 2016-2020
42123,42053,222,ACS 2016-2020
42123,42065,8,ACS 2016-2020
42123,42073,3,ACS 2016-2020
42123,42083,198,ACS 2016-2020
42123,42085,56,ACS 2016-2020
42123,42121,135,ACS 2016-2020
42123,42123,14268,ACS 2016-2020
42123,42125,5,ACS 2016-2020
42123,42129,2,ACS 2016-2020
42123,EXTERNAL,1278,ACS 2016-2020
42125,42003,24268,ACS 2016-2020
42125,42005,48,ACS 2016-2020
42125,42007,469,ACS 2016-2020
42125,42011,16,ACS 2016-2020
42125,42013,30,ACS 2016-2020
42125,42017,17,ACS 2016-2020
42125,42019,629,ACS 2016-2020
42125,42021,16,ACS 2016-2020
42125,42031,21,ACS 2016-2020
42125,42039,8,ACS 2016-2020
42125,42043,10,ACS 2016-2020
42125,42049,2,ACS 2016-2020
42125,42051,1698,ACS 2016-2020
42125,42059,2732,ACS 2016-2020
42125,42063,25,ACS 2016-2020
42125,42065,14,ACS 2016-2020
42125,42069,28,ACS 2016-2020
42125,42071,45,ACS 2016-2020
42125,42073,23,ACS 2016-2020
42125,42075,17,ACS 2016-2020
42125,42079,24,ACS 2016-2020
42125,42083,31,ACS 2016-2020
42125,42085,5,ACS 2016-2020
42125,42091,48,ACS 2016-2020
42125,42101,2,ACS 2016-2020
42125,42111,75,ACS 2016-2020
42125,42121,11,ACS 2016-2020
42125,42125,60952,ACS 2016-2020
42125,42129,3237,ACS 2016-2020
42125,EXTERNAL,3289,ACS 2016-2020
42127,42011,9,ACS 2016-2020
42127,42017,6,ACS 2016-2020
42127,42025,3,ACS 2016-2020
42127,42029,6,ACS 2016-2020
42127,42031,6,ACS 2016-2020
42127,42035,2,ACS 2016-2020
42127,42041,2,ACS 2016-2020
42127,42043,3,ACS 2016-2020
42127,42045,2,ACS 2016-2020
42127,42055,4,ACS 2016-2020
42127,42069,3166,ACS 2016-2020
42127,42077,54,ACS 2016-2020
42127,42079,604,ACS 2016-2020
42127,42089,690,ACS 2016-2020
42127,42093,67,ACS 2016-2020
42127,42095,42,ACS 2016-2020
42127,42101,9,ACS 2016-2020
42127,42103,1334,ACS 2016-2020
42127,42115,497,ACS 2016-2020
42127,42127,12476,ACS 2016-2020
42127,42131,22,ACS 2016-2020
42127,42133,11,ACS 2016-2020
42127,EXTERNAL,1686,ACS 2016-2020
42129,42003,42354,ACS 2016-2020
42129,42005,1493,ACS 2016-2020
42129,42007,168,ACS 2016-2020
42129,42009,32,ACS 2016-2020
42129,42011,42,ACS 2016-2020
42129,42013,62,ACS 2016-2020
42129,42015,17,ACS 2016-2020
42129,42019,1668,ACS 2016-2020
42129,42021,783,ACS 2016-2020
42129,42029,31,ACS 2016-2020
42129,42031,21,ACS 2016-2020
42129,42033,4,ACS 2016-2020
42129,42039,19,ACS 2016-2020
42129,42041,11,ACS 2016-2020
42129,42043,21,ACS 2016-2020
42129,42045,2,ACS 2016-2020
42129,42047,11,ACS 2016-2020
42129,42049,46,ACS 2016-2020
42129,42051,2800,ACS 2016-2020
42129,42055,4,ACS 2016-2020
42129,42059,172,ACS 2016-2020
42129,42063,2201,ACS 2016-2020
42129,42067,13,ACS 2016-2020
42129,42069,1,ACS 2016-2020
42129,42073,16,ACS 2016-2020
42129,42075,15,ACS 2016-2020
42129,42083,18,ACS 2016-2020
42129,42085,6,ACS 2016-2020
42129,42087,6,ACS 2016-2020
42129,42091,42,ACS 2016-2020
42129,42093,11,ACS 2016-2020
42129,42099,18,ACS 2016-2020
42129,42101,50,ACS 2016-2020
42129,42111,596,ACS 2016-2020
42129,42117,49,ACS 2016-2020
42129,42121,36,ACS 2016-2020
42129,42123,5,ACS 2016-2020
42129,42125,4415,ACS 2016-2020
42129,42127,34,ACS 2016-2020
42129,42129,109337,ACS 2016-2020
42129,42133,6,ACS 2016-2020
42129,EXTERNAL,1511,ACS 2016-2020
42131,42003,8,ACS 2016-2020
42131,42011,20,ACS 2016-2020
42131,42013,7,ACS 2016-2020
42131,42015,449,ACS 2016-2020
42131,42017,2,ACS 2016-2020
42131,42025,1,ACS 2016-2020
42131,42035,8,ACS 2016-2020
42131,42037,54,ACS 2016-2020
42131,42043,5,ACS 2016-2020
42131,42069,2433,ACS 2016-2020
42131,42077,18,ACS 2016-2020
42131,42079,1713,ACS 2016-2020
42131,42081,15,ACS 2016-2020
42131,42089,179,ACS 2016-2020
42131,42091,26,ACS 2016-2020
42131,42095,23,ACS 2016-2020
42131,42097,16,ACS 2016-2020
42131,42101,22,ACS 2016-2020
42131,42103,3,ACS 2016-2020
42131,42107,9,ACS 2016-2020
42131,42113,37,ACS 2016-2020
42131,42115,419,ACS 2016-2020
42131,42127,52,ACS 2016-2020
42131,42131,6693,ACS 2016-2020
42131,EXTERNAL,144,ACS 2016-2020
42133,42001,4936,ACS 2016-2020
42133,42003,33,ACS 2016-2020
42133,42007,9,ACS 2016-2020
42133,42009,6,ACS 2016-2020
42133,42011,162,ACS 2016-2020
42133,42013,42,ACS 2016-2020
42133,42015,18,ACS 2016-2020
42133,42017,40,ACS 2016-2020
42133,42021,56,ACS 2016-2020
42133,42023,31,ACS 2016-2020
42133,42027,74,ACS 2016-2020
42133,42029,316,ACS 2016-2020
42133,42041,13895,ACS 2016-2020
42133,42043,11415,ACS 2016-2020
42133,42045,9,ACS 2016-2020
42133,42055,309,ACS 2016-2020
42133,42059,8,ACS 2016-2020
42133,42063,17,ACS 2016-2020
42133,42067,39,ACS 2016-2020
42133,42071,7595,ACS 2016-2020
42133,42075,458,ACS 2016-2020
42133,42077,156,ACS 2016-2020
42133,42079,28,ACS 2016-2020
42133,42081,63,ACS 2016-2020
42133,42087,66,ACS 2016-2020
42133,42089,2,ACS 2016-2020
42133,42091,317,ACS 2016-2020
42133,42097,106,ACS 2016-2020
42133,42099,91,ACS 2016-2020
42133,42101,224,ACS 2016-2020
42133,42107,58,ACS 2016-2020
42133,42115,15,ACS 2016-2020
42133,42117,4,ACS 2016-2020
42133,42119,55,ACS 2016-2020
42133,42125,18,ACS 2016-2020
42133,42133,155348,ACS 2016-2020
42133,EXTERNAL,25388,ACS 2016-2020
EXTERNAL,42001,1764,ACS 2016-2020
EXTERNAL,42003,13729,ACS 2016-2020
EXTERNAL,42005,65,ACS 2016-2020
EXTERNAL,42007,5085,ACS 2016-2020
EXTERNAL,42009,296,ACS 2016-2020
EXTERNAL,42011,889,ACS 2016-2020
EXTERNAL,42013,455,ACS 2016-2020
EXTERNAL,42015,3194,ACS 2016-2020
EXTERNAL,42017,17793,ACS 2016-2020
EXTERNAL,42019,982,ACS 2016-2020
EXTERNAL,42021,266,ACS 2016-2020
EXTERNAL,42025,124,ACS 2016-2020
EXTERNAL,42027,331,ACS 2016-2020
EXTERNAL,42029,14916,ACS 2016-2020
EXTERNAL,42031,143,ACS 2016-2020
EXTERNAL,42033,91,ACS 2016-2020
EXTERNAL,42035,14,ACS 2016-2020
EXTERNAL,42037,276,ACS 2016-2020
EXTERNAL,42039,548,ACS 2016-2020
EXTERNAL,42041,1891,ACS 2016-2020
EXTERNAL,42043,2183,ACS 2016-2020
EXTERNAL,42045,22167,ACS 2016-2020
EXTERNAL,42047,103,ACS 2016-2020
EXTERNAL,42049,3425,ACS 2016-2020
EXTERNAL,42051,1227,ACS 2016-2020
EXTERNAL,42053,3,ACS 2016-2020
EXTERNAL,42055,4997,ACS 2016-2020
EXTERNAL,42057,432,ACS 2016-2020
EXTERNAL,42059,1539,ACS 2016-2020
EXTERNAL,42061,31,ACS 2016-2020
EXTERNAL,42063,374,ACS 2016-2020
EXTERNAL,42065,27,ACS 2016-2020
EXTERNAL,42067,72,ACS 2016-2020
EXTERNAL,42069,1102,ACS 2016-2020
EXTERNAL,42071,2367,ACS 2016-2020
EXTERNAL,42073,2192,ACS 2016-2020
EXTERNAL,42075,331,ACS 2016-2020
EXTERNAL,42077,3021,ACS 2016-2020
EXTERNAL,42079,1014,ACS 2016-2020
EXTERNAL,42081,292,ACS 2016-2020
EXTERNAL,42083,1212,ACS 2016-2020
EXTERNAL,42085,3935,ACS 2016-2020
EXTERNAL,42087,81,ACS 2016-2020
EXTERNAL,42089,1630,ACS 2016-2020
EXTERNAL,42091,20180,ACS 2016-2020
EXTERNAL,42093,284,ACS 2016-2020
EXTERNAL,42095,5058,ACS 2016-2020
EXTERNAL,42097,340,ACS 2016-2020
EXTERNAL,42101,93463,ACS 2016-2020
EXTERNAL,42103,1333,ACS 2016-2020
EXTERNAL,42105,294,ACS 2016-2020
EXTERNAL,42107,265,ACS 2016-2020
EXTERNAL,42109,14,ACS 2016-2020
EXTERNAL,42111,384,ACS 2016-2020
EXTERNAL,42113,8,ACS 2016-2020
EXTERNAL,42115,734,ACS 2016-2020
EXTERNAL,42117,1024,ACS 2016-2020
EXTERNAL,42119,105,ACS 2016-2020
EXTERNAL,42121,147,ACS 2016-2020
EXTERNAL,42123,1012,ACS 2016-2020
EXTERNAL,42125,5262,ACS 2016-2020
EXTERNAL,42127,427,ACS 2016-2020
EXTERNAL,42129,914,ACS 2016-2020
EXTERNAL,42131,153,ACS 2016-2020
EXTERNAL,42133,4358,ACS 2016-2020
