vintage,county_fips,total,agesex_year_code,under5_tot,age513_tot,age1417_tot,age1824_tot,age16plus_tot,age18plus_tot,age1544_tot,age2544_tot,age4564_tot,age65plus_tot,age04_tot,age59_tot,age1014_tot,age1519_tot,age2024_tot,age2529_tot,age3034_tot,age3539_tot,age4044_tot,age4549_tot,age5054_tot,age5559_tot,age6064_tot,age6569_tot,age7074_tot,age7579_tot,age8084_tot,age85plus_tot
2025,42001,107594,7,4827,9920,5043,10864,90349,87804,38053,23396,27008,26536,4827,5211,5959,7316,7341,5460,5715,6158,6063,5458,6139,7222,8189,8012,7037,5487,3246,2754
2025,42003,1225035,7,57427,110467,50361,108136,1032506,1006780,497648,351438,279064,268142,57427,61046,61708,69995,76215,92595,89723,89422,79698,67871,64436,69315,77442,81393,70959,52063,31285,32442
2025,42005,63698,7,2764,5863,2984,4268,53587,52087,20595,14067,16970,16782,2764,3114,3473,3426,3102,3583,3369,3537,3578,3704,3920,4335,5011,5312,4285,3417,1948,1820
2025,42007,166032,7,7664,15589,7359,11885,139170,135420,57675,40204,42130,41201,7664,8425,8937,9041,8430,9336,10105,10466,10297,9366,9391,10624,12749,12870,10864,7998,4702,4767
2025,42009,47480,7,2433,4627,2136,3192,39343,38284,14946,10132,12404,12556,2433,2530,2611,2491,2323,2603,2503,2496,2530,2499,2967,3202,3736,3922,3189,2418,1566,1461
2025,42011,440072,7,23394,47269,23111,43258,358055,346298,168764,108045,106906,88089,23394,25382,27537,30108,30611,26835,26882,27917,26411,24645,25476,27256,29529,27240,22187,17843,10595,10224
2025,42013,119541,7,5664,11635,5750,10012,99419,96492,41874,27475,29660,29345,5664,6259,6739,6819,7580,6772,6644,7026,7033,6804,7058,7494,8304,8312,7566,5932,3765,3770
2025,42015,59600,7,3121,6596,3096,4264,48357,46787,20261,13645,14770,14108,3121,3519,3821,3574,3042,3217,3524,3511,3393,3114,3361,3873,4422,4352,3574,2762,1926,1494
2025,42017,647828,7,29786,62856,32311,49921,539367,522875,225239,150861,172294,149799,29786,33515,37195,38452,35926,34685,34526,40279,41371,38549,40145,44597,49003,46956,38392,29123,18171,17157
2025,42019,200169,7,8960,18807,8967,18430,168073,163435,72890,47618,51020,46367,8960,10224,10708,13492,11780,11291,11344,12587,12396,11291,11568,13608,14553,14531,11989,9005,5500,5342
2025,42021,128968,7,5778,12046,5929,11718,108254,105215,43755,27537,32189,33771,5778,6514,6961,8118,8100,6609,6681,7165,7082,7194,7665,8187,9143,10146,9128,6725,3953,3819
2025,42023,4211,7,127,392,182,261,3595,3510,1203,807,1126,1316,127,203,236,209,187,176,195,206,230,206,251,283,386,365,347,283,160,161
2025,42025,65868,7,2880,6097,3063,4621,55447,53828,22217,15249,17936,16022,2880,3305,3508,3594,3374,3594,3764,4036,3855,3836,4109,4796,5195,5076,4291,3225,1841,1589
2025,42027,157393,7,5502,11429,5567,38590,137753,134895,79510,36709,31886,27710,5502,6063,6722,9586,33215,10161,9245,8944,8359,7474,7665,8221,8526,7989,6975,5602,3542,3602
2025,42029,557116,7,29091,59303,29295,51630,454433,439427,211072,137193,140067,110537,29091,31626,34723,38537,35342,31492,31988,36531,37182,34074,33480,35587,36926,33912,28154,21884,13916,12671
2025,42031,36680,7,1818,3578,1781,4896,30410,29503,13394,7134,8902,8571,1818,1935,2060,2960,3300,1494,1862,1942,1836,1931,2119,2266,2586,2549,2311,1679,995,1037
2025,42033,78100,7,3308,6920,3401,5214,66259,64471,26711,18887,21131,19239,3308,3636,4075,3994,3830,4525,4816,4843,4703,4564,5002,5500,6065,5764,5023,3802,2288,2362
2025,42035,37870,7,1963,3766,1825,5256,31275,30316,14487,7853,8739,8468,1963,2093,2120,2910,3724,1749,2056,2057,1991,2015,2127,2176,2421,2575,2151,1704,1023,1015
2025,42037,66193,7,2854,5780,2828,10692,56166,54731,26953,14136,15349,14554,2854,3154,3329,5713,7104,3086,3685,3722,3643,3351,3718,3904,4376,4427,3856,2817,1811,1643
2025,42039,81792,7,4267,8329,4022,6608,67249,65174,27733,18074,20281,20211,4267,4486,4814,4950,4709,4486,4429,4643,4516,4312,4713,5361,5895,5955,5284,4213,2508,2251
2025,42041,277270,7,13842,28950,13044,28096,227952,221434,109206,71361,63988,57989,13842,15788,16457,17318,20527,16813,17457,18559,18532,15985,15337,16007,16659,16504,14728,12126,7478,7153
2025,42043,293351,7,16272,31422,14292,24332,238619,231365,114185,79050,70212,57771,16272,17204,17707,17543,17592,20168,20270,20102,18510,17146,16912,17357,18797,18093,15547,11568,6569,5994
2025,42045,580937,7,32162,63055,30104,57006,470680,455616,226385,146795,137677,114138,32162,34214,36361,41535,38055,33738,35405,39551,38101,34343,32245,34326,36763,36112,29595,21784,13517,13130
2025,42047,29926,7,1305,2813,1285,1991,25161,24523,9362,6409,8199,7924,1305,1482,1654,1520,1433,1414,1637,1671,1687,1597,1857,2281,2464,2473,2056,1555,884,956
2025,42049,265832,7,12675,26310,13151,27184,220466,213696,102318,65225,63042,58245,12675,14332,15220,18237,18856,17101,16104,16131,15889,14655,14853,16152,17382,18113,15635,11196,6811,6490
2025,42051,123021,7,5377,11840,5458,8386,103045,100346,41303,28796,32314,30850,5377,6500,6677,6297,6210,7264,7272,7183,7077,7056,7630,8630,8998,9369,8467,6214,3510,3290
2025,42053,6614,7,112,199,202,359,6215,6101,2854,2337,1698,1707,112,90,153,239,278,581,684,549,523,392,429,413,464,512,480,335,235,145
2025,42055,160652,7,8921,17330,8327,12704,130379,126074,57823,38800,39126,35444,8921,9327,10011,9920,9103,9874,9669,9634,9623,8986,9541,9963,10636,10135,8884,7346,4867,4212
2025,42057,14483,7,678,1468,732,1053,11982,11605,4780,3178,3847,3527,678,780,871,865,737,834,765,758,821,841,930,1006,1070,1048,884,688,474,433
2025,42059,33885,7,1331,3198,1503,2942,28618,27853,12134,8036,8861,8014,1331,1744,1801,2070,2028,1929,2125,1994,1988,2030,2227,2268,2336,2472,2252,1643,936,711
2025,42061,43001,7,1942,3796,1946,4159,36331,35317,15470,9837,10735,10586,1942,2001,2267,2808,2825,2430,2449,2496,2462,2293,2573,2800,3069,3065,2739,2168,1384,1230
2025,42063,82878,7,3692,7590,3706,14382,69770,67890,33135,15951,18624,18933,3692,4082,4412,7664,9520,3073,4210,4233,4435,4146,4277,4792,5409,5738,5022,3918,2283,1972
2025,42065,43255,7,2275,4447,2146,3045,35475,34387,14377,9730,10779,10833,2275,2383,2608,2463,2184,2321,2323,2505,2581,2403,2487,2813,3076,3405,2806,2093,1271,1258
2025,42067,23403,7,1491,2485,1166,1824,18833,18261,7952,5256,5886,5295,1491,1403,1376,1340,1356,1290,1333,1370,1263,1321,1343,1519,1703,1576,1332,1072,678,637
2025,42069,216502,7,10618,21552,10361,19632,179326,173971,80983,53414,52744,48181,10618,11758,12218,14055,13514,13002,12985,13939,13488,12158,12547,13575,14464,14213,12311,9643,6185,5829
2025,42071,563159,7,34113,62537,28665,50100,452414,437844,212089,140332,125513,121899,34113,34431,35114,36185,35572,36309,35318,35572,33133,29951,29446,30956,35160,34326,29918,24010,16264,17381
2025,42073,83911,7,3846,8415,3896,6736,69767,67754,28646,18920,20819,21279,3846,4565,4756,4893,4833,4520,4772,4780,4848,4649,4936,5385,5849,6341,5564,4164,2593,2617
2025,42075,146380,7,7850,16068,7746,12384,118522,114716,52532,34324,34987,33021,7850,8534,9456,9524,8684,8242,8582,8785,8715,8203,8297,8737,9750,9335,8350,6776,4318,4242
2025,42077,384383,7,19749,42753,19511,33787,312119,302370,148456,100058,92550,75975,19749,23803,23850,23874,24524,24122,25060,25765,25111,23025,22253,23205,24067,23222,19465,15131,9476,8681
2025,42079,332126,7,16540,34124,15822,27849,273564,265640,121878,82164,83697,71930,16540,18862,19219,19659,20055,20115,20284,21347,20418,19213,20114,21689,22681,21266,18374,14584,8820,8886
2025,42081,112587,7,5508,11401,5369,10662,93056,90309,41998,27265,26571,25811,5508,6130,6569,6961,7772,6722,6600,7185,6758,5959,6246,6782,7584,7853,6827,5064,3116,2951
2025,42083,38984,7,1623,3735,1917,3497,32711,31709,14092,9125,10009,9078,1623,1994,2188,2646,2321,2137,2264,2395,2329,2119,2494,2597,2799,2860,2323,1690,1134,1071
2025,42085,107860,7,5116,10165,5063,10035,90131,87516,37435,23591,26604,27286,5116,5542,5877,6755,7089,5818,5835,6105,5833,5847,6126,6940,7691,8153,7033,5280,3425,3395
2025,42087,46127,7,2793,5197,2242,3364,37067,35895,15450,10367,11416,10748,2793,2911,2809,2669,2414,2679,2709,2575,2404,2451,2641,3059,3265,3054,2649,2214,1425,1406
2025,42089,167179,7,7034,15704,8470,15090,140347,135971,59894,38389,46156,36336,7034,8417,9342,10717,10788,9284,9408,9871,9826,9982,10271,12268,13635,12782,9790,6752,3856,3156
2025,42091,877643,7,43246,90156,44251,69924,722634,699990,328965,225463,218435,186168,43246,48502,52327,54299,49203,50813,54010,60568,60072,53788,51652,54733,58262,55837,46248,36201,23881,24001
2025,42093,17868,7,962,1688,859,1248,14808,14359,6350,4441,4105,4565,962,945,941,1002,907,1063,1174,1150,1054,890,832,1109,1274,1304,1131,871,570,689
2025,42095,324411,7,14409,29689,14820,35555,273094,265493,124836,78030,79805,72103,14409,16006,17252,23594,23212,19267,19492,19974,19297,18320,18815,20843,21827,21347,18413,14408,8889,9046
2025,42097,89920,7,4444,8916,4359,6592,74456,72201,31539,21622,22725,21262,4444,4831,5119,5164,4753,5066,5390,5656,5510,5055,5380,5729,6561,6396,5561,4319,2486,2500
2025,42099,46806,7,2394,5103,2367,3280,38043,36942,15843,10838,12159,10665,2394,2770,2975,2647,2358,2600,2717,2842,2679,2709,2855,3186,3409,3341,2817,2131,1222,1154
2025,42101,1574281,7,89613,154477,68400,156572,1296463,1261791,734249,526067,329079,250073,89613,86914,84353,98293,109889,152371,146088,127258,100350,84781,78042,81413,84843,79759,65874,48408,28475,27557
2025,42103,62808,7,2380,5464,3049,4228,53483,51915,19939,13389,17928,16370,2380,2931,3260,3545,3005,2895,3252,3659,3583,3485,3897,4899,5647,5586,4254,3196,1894,1440
2025,42105,15897,7,771,1496,735,1010,13241,12895,4695,3126,4186,4573,771,804,868,865,704,713,780,818,815,812,948,1103,1323,1353,1208,910,602,500
2025,42107,145085,7,6584,14581,6833,10777,120540,117087,51343,35416,37513,33381,6584,7885,8379,8198,7729,8446,8879,9066,9025,8472,9055,9633,10353,10028,8905,6722,3954,3772
2025,42109,39655,7,2045,4127,1959,4778,32519,31524,14893,8617,9331,8798,2045,2203,2385,3079,3197,2103,2110,2237,2167,2034,2255,2405,2637,2571,2277,1720,1197,1033
2025,42111,72004,7,3060,6580,3122,4759,60824,59242,23755,16652,18820,19011,3060,3649,3709,3591,3512,4132,4022,4269,4229,4184,4535,4739,5362,5723,4901,3674,2275,2438
2025,42113,5856,7,170,356,245,409,5216,5085,1688,1089,1550,2037,170,187,224,326,273,249,270,276,294,301,310,384,555,618,545,432,229,213
2025,42115,38237,7,1843,3775,1839,2450,31681,30780,12117,8305,9790,10235,1843,2050,2202,2035,1777,1972,1946,2232,2155,2051,2089,2524,3126,3246,2604,2005,1304,1076
2025,42117,40502,7,1792,4021,2016,3571,33657,32673,13822,8748,10000,10354,1792,2112,2422,2732,2342,1987,2108,2275,2378,2134,2268,2584,3014,3222,2552,2015,1326,1239
2025,42119,42313,7,1883,3718,1726,6821,35850,34986,17900,9803,9465,8897,1883,2040,2128,3698,4399,2213,2394,2641,2555,2263,2309,2316,2577,2441,2128,1811,1213,1304
2025,42121,49346,7,2226,4786,2475,3296,41114,39859,15600,10434,12702,13427,2226,2537,2854,2867,2299,2415,2477,2773,2769,2771,2878,3213,3840,4153,3665,2692,1573,1344
2025,42123,37038,7,1777,3654,1703,2356,30781,29904,11681,8048,9717,9783,1777,1991,2089,1940,1693,1836,1976,2066,2170,1994,2147,2590,2986,2992,2603,1927,1211,1050
2025,42125,210802,7,9767,20567,9302,16405,175882,171166,73057,49562,53806,51393,9767,11311,11468,12070,11425,11387,12203,13120,12852,12178,12413,13845,15370,15924,13682,10401,5936,5450
2025,42127,51703,7,2063,4259,2065,3158,44347,43316,16721,12003,14079,14076,2063,2283,2481,2459,2259,2815,2894,3200,3094,2787,3100,3785,4407,4326,3827,2834,1692,1397
2025,42129,349324,7,14824,30924,15602,25411,295975,287974,115663,78359,91014,93190,14824,16431,18202,19286,18018,18084,19336,20504,20435,19402,20931,24274,26407,28093,24439,18987,11341,10330
2025,42131,25790,7,1214,2384,1151,2208,21622,21041,8986,5924,6641,6268,1214,1278,1403,1604,1458,1403,1478,1487,1556,1494,1628,1668,1851,1941,1686,1315,805,521
2025,42133,473197,7,25134,50391,24589,37560,385671,373083,175908,119700,118786,97037,25134,27174,29158,29480,26728,28287,30170,31356,29887,27577,28600,30573,32036,30079,25081,19318,11725,10834
